{"memoryMap": [["dbgcore.pdb", "CFA3FE44AB824F4A923B4150832C2A9C1"], ["xul.pdb", "69940B11ED88456098B215451D8E06792"]], "version": 4, "stacks": [[[0, 36873], [0, 45801], [0, 23985], [0, 26579], [1, 36311636], [1, 36310586], [1, 36285632], [1, 25677911], [1, 25730952], [1, 25714578], [1, 3832915], [1, 4534415], [1, 2617320], [1, 9170674], [1, 1059383], [1, 1070138], [-1, 1.8446744073709552e+19], [-1, 1.8446744073709552e+19]]]}
