{"memoryMap": [["xul.pdb", "3DA54D8ABF7F49D181B8E813BE72AEC52"], ["kernelbase.pdb", "A0DE635BD84C4850B0355973EC7F00831"], ["shcore.pdb", "3B3D7BC340AF47C0AE3E3CAA60DC14B61"], ["Windows.Storage.pdb", "D4767819E701472FB57E7DA021FEEB451"]], "version": 4, "stacks": [[[0, 8387431], [1, 438108], [2, 68983], [2, 69069], [3, 168099], [3, 168239], [3, 170794], [0, 7135774], [0, 9186994], [0, 2490479], [0, 2489196], [0, 745699], [0, 789808], [0, 9857595], [0, 746063], [0, 1765361], [-1, 1.8446744073709552e+19], [-1, 1.8446744073709552e+19], [-1, 1.8446744073709552e+19]]]}
