{"memoryMap": [["xul.pdb", "FFD35FCD264541139AFE5477CF4C3FDD2"]], "version": 4, "stacks": [[[0, 1357864], [0, 1391696], [0, 9829211], [0, 1356559], [0, 2277249], [-1, 1.8446744073709552e+19], [-1, 1.8446744073709552e+19]]]}
