{"memoryMap": [["xul.pdb", "70B91A54533049C18CB477B607E1F7D72"]], "version": 4, "stacks": [[[0, 11589607], [0, 2496780], [0, 2208003], [-1, 1.8446744073709552e+19], [-1, 1.8446744073709552e+19]]]}
