{"memoryMap": [["kernelbase.pdb", "54986B07F81946D6B8FCFC40D628DEE01"], ["shcore.pdb", "BE0199B0486445ABAEA1EB4018918C261"], ["Windows.Storage.pdb", "7F3004384B89424AB670E8930E5DFA2E1"], ["xul.pdb", "2DEE45231F4B496D80F1E521C8987C772"]], "version": 4, "stacks": [[[0, 188370], [1, 74608], [1, 73362], [1, 68421], [2, 264417], [2, 264583], [2, 266010], [3, 5582278], [3, 8865218], [3, 1224867], [3, 1739266], [3, 929399], [3, 981855], [3, 9537563], [3, 929773], [3, 1215585], [-1, 1.8446744073709552e+19], [-1, 1.8446744073709552e+19]]]}
