{"memoryMap": [["kernelbase.pdb", "2797F41DA1EB4D39A25C73C95BC7C7901"], ["user32.pdb", "27AC3870843A49558959446A7EE7C93E1"], ["xul.pdb", "69940B11ED88456098B215451D8E06792"]], "version": 4, "stacks": [[[0, 312015], [1, 146168], [2, 10039739], [2, 1266442], [2, 14243906], [2, 15465705], [2, 15479572], [2, 15479121], [2, 1159609], [2, 1072307], [2, 5175533], [2, 1070672], [-1, 1.8446744073709552e+19], [-1, 1.8446744073709552e+19]]]}
