{"memoryMap": [["kernelbase.pdb", "2797F41DA1EB4D39A25C73C95BC7C7901"], ["user32.pdb", "27AC3870843A49558959446A7EE7C93E1"], ["xul.pdb", "FFD35FCD264541139AFE5477CF4C3FDD2"]], "version": 4, "stacks": [[[0, 312015], [1, 146168], [2, 11648143], [2, 4636314], [2, 14252310], [2, 15472501], [2, 15486384], [2, 15485933], [2, 1715171], [2, 1716655], [2, 696249], [2, 1708500], [-1, 1.8446744073709552e+19], [-1, 1.8446744073709552e+19]]]}
