{"memoryMap": [["ntdll.pdb", "D1E4E60E3CCF4933875C04D1A21456D12"], ["nss3.pdb", "DE7A703FD2BF4FC08E4EF6ACABDC49A92"], ["xul.pdb", "F094D186ECDA498DAB7D715EAFDD67462"]], "version": 4, "stacks": [[[0, 298840], [0, 298580], [1, 140712], [1, 141041], [1, 141708], [2, 8334084], [2, 4405825], [2, 4405323], [2, 5487051], [2, 35686783], [2, 35619390], [2, 35594938], [2, 35675977], [2, 35648222], [2, 35648753], [2, 8865874], [2, 764919], [2, 1765582], [2, 1787938], [2, 1374470], [2, 4851133], [2, 4850179], [-1, 1.8446744073709552e+19], [-1, 1.8446744073709552e+19]]]}
