{"memoryMap": [["xul.pdb", "2DEE45231F4B496D80F1E521C8987C772"]], "version": 4, "stacks": [[[0, 2319661], [0, 2319016], [0, 927523], [0, 860236], [0, 859738], [0, 859452], [0, 1145973], [0, 1140792], [0, 1143877], [0, 930366], [0, 1215585], [-1, 1.8446744073709552e+19], [-1, 1.8446744073709552e+19]]]}
