{"memoryMap": [["xul.pdb", "FFD35FCD264541139AFE5477CF4C3FDD2"]], "version": 4, "stacks": [[[0, 1688762], [0, 1732588], [0, 1731467], [0, 2197237], [0, 2192903], [0, 2191013], [0, 1763810], [0, 1721068], [0, 908752], [0, 1722965], [0, 1720376], [0, 1719685], [0, 1357153], [0, 1391696], [0, 9829211], [0, 1356559], [0, 2871204], [0, 1356195], [0, 2277249], [-1, 1.8446744073709552e+19], [-1, 1.8446744073709552e+19]]]}
