{"memoryMap": [["xul.pdb", "F094D186ECDA498DAB7D715EAFDD67462"]], "version": 4, "stacks": [[[0, 1897478], [0, 1906187], [0, 1900545], [0, 8393915], [0, 1521054], [0, 1788044], [0, 2747985], [-1, 1.8446744073709552e+19], [-1, 1.8446744073709552e+19]]]}
