{"memoryMap": [["xul.pdb", "7E344514A25647DFAC67A09CACEB3DF92"]], "version": 4, "stacks": [[[0, 926752], [0, 5143304], [0, 5142163], [0, 5141556], [0, 599039], [0, 9897762], [0, 1001501], [0, 1004543], [0, 1003382], [0, 1509811], [0, 1504543], [0, 1503312], [0, 2096755], [0, 1487905], [-1, 1.8446744073709552e+19], [-1, 1.8446744073709552e+19]]]}
