{"memoryMap": [["mozglue.pdb", "4DE8BBFEEEF54466991F0D0DF6C9AB832"], ["xul.pdb", "70B91A54533049C18CB477B607E1F7D72"]], "version": 4, "stacks": [[[0, 11976], [1, 1088468], [1, 1088371], [1, 1089144], [1, 1082674], [1, 1091890], [1, 4878008], [1, 4876592], [1, 4875946], [1, 4879770], [1, 4875501], [1, 877644], [1, 3370357], [1, 3369478], [1, 877381], [1, 2108228], [1, 4314675], [1, 1861019], [-1, 1.8446744073709552e+19], [-1, 1.8446744073709552e+19]]]}
