{"memoryMap": [["xul.pdb", "F6A89660AF084CB2AFED7753C75BBEAC2"]], "version": 4, "stacks": [[[0, 2522286], [0, 2534882], [0, 1413793], [0, 1413099], [0, 1412118], [0, 1415642], [0, 837412], [0, 834295], [0, 2358780], [0, 9511627], [0, 2254160], [0, 2643104], [0, 2253808], [0, 1527497], [-1, 1.8446744073709552e+19], [-1, 1.8446744073709552e+19]]]}
