{"memoryMap": [["kernelbase.pdb", "54986B07F81946D6B8FCFC40D628DEE01"], ["xul.pdb", "70B91A54533049C18CB477B607E1F7D72"]], "version": 4, "stacks": [[[0, 642670], [-1, 1.8446744073709552e+19], [-1, 1.8446744073709552e+19], [-1, 1.8446744073709552e+19], [-1, 1.8446744073709552e+19], [-1, 1.8446744073709552e+19], [1, 9349107], [1, 7574512], [1, 9221511], [1, 935007], [1, 1622082], [1, 986604], [1, 7198317], [1, 935035], [1, 1245453], [-1, 1.8446744073709552e+19]]]}
