{"memoryMap": [["xul.pdb", "F6A89660AF084CB2AFED7753C75BBEAC2"]], "version": 4, "stacks": [[[0, 13781098], [0, 13796683], [0, 14426123], [0, 25346257], [0, 25195478], [0, 1488095], [0, 1489974], [-1, 1.8446744073709552e+19], [-1, 1.8446744073709552e+19]]]}
