{"memoryMap": [["kernelbase.pdb", "2797F41DA1EB4D39A25C73C95BC7C7901"], ["xul.pdb", "C017F3ED83534FCE9CAA2057D8BCEE322"], ["shcore.pdb", "1375C24C4D13484FB31C5B2E9E690F321"], ["Windows.Storage.pdb", "6F090A0BB39C46E5B507A7CE4E6542601"]], "version": 4, "stacks": [[[0, 756128], [1, 7978612], [1, 7978254], [1, 1897755], [1, 1897469], [1, 1897308], [1, 1897026], [1, 8305579], [0, 441164], [2, 69565], [2, 69709], [3, 75028], [3, 74639], [3, 76202], [1, 7163706], [1, 9077698], [1, 1200471], [1, 1766698], [-1, 1.8446744073709552e+19], [-1, 1.8446744073709552e+19]]]}
