{"memoryMap": [["xul.pdb", "D182C80F4F5E4ED49F50796BE713C7872"], ["kernelbase.pdb", "2797F41DA1EB4D39A25C73C95BC7C7901"], ["shcore.pdb", "1375C24C4D13484FB31C5B2E9E690F321"], ["Windows.Storage.pdb", "6F090A0BB39C46E5B507A7CE4E6542601"]], "version": 4, "stacks": [[[0, 7195601], [1, 187167], [1, 186358], [2, 68110], [2, 76963], [2, 65643], [3, 74825], [3, 74639], [3, 76202], [0, 5971858], [0, 9094194], [0, 798983], [0, 796118], [-1, 1.8446744073709552e+19], [-1, 1.8446744073709552e+19]]]}
