{"memoryMap": [["kernelbase.pdb", "91635C4318764D6E90337B81944C89D62"], ["kernel32.pdb", "76F058C74D96403B82D19D3847E4BE682"], ["xul.pdb", "F6A89660AF084CB2AFED7753C75BBEAC2"]], "version": 4, "stacks": [[[0, 12136], [1, 112299], [2, 8431880], [2, 8843314], [2, 916439], [2, 913514], [-1, 1.8446744073709552e+19], [-1, 1.8446744073709552e+19]]]}
