{"memoryMap": [["xul.pdb", "70B91A54533049C18CB477B607E1F7D72"]], "version": 4, "stacks": [[[0, 875245], [0, 870500], [0, 861021], [0, 857603], [0, 1733902], [0, 1726930], [0, 4854977], [0, 4853020], [0, 820017], [0, 1761387], [0, 1760482], [0, 2108195], [0, 4314675], [-1, 1.8446744073709552e+19], [-1, 1.8446744073709552e+19]]]}
