{"memoryMap": [["kernelbase.pdb", "A0DE635BD84C4850B0355973EC7F00831"], ["user32.pdb", "6AEEB47FC93B414E9874BE6BBB855CBC1"], ["xul.pdb", "6A08F13CCDA6432E9661767D9BC395E42"]], "version": 4, "stacks": [[[0, 277327], [1, 139865], [1, 139483], [2, 10872093], [2, 5907863], [2, 14216428], [2, 15390948], [2, 15407666], [2, 15407460], [2, 3197475], [2, 3198174], [2, 3197475], [2, 732036], [2, 731498], [-1, 1.8446744073709552e+19], [-1, 1.8446744073709552e+19]]]}
