{"memoryMap": [["xul.pdb", "4B7C0FE6BEFD4EA192F9BC6E522A6EBC2"]], "version": 4, "stacks": [[[0, 765975], [0, 765253], [0, 3638047], [0, 3643099], [0, 3657511], [0, 5425473], [0, 6219308], [0, 6218461], [0, 3074035], [0, 3216779], [0, 5573535], [0, 1856564], [0, 9135282], [0, 1232907], [0, 1252602], [-1, 1.8446744073709552e+19], [-1, 1.8446744073709552e+19]]]}
