{"memoryMap": [["kernelbase.pdb", "28D5756A51E24FA38B342DC5C8A15E6E2"], ["kernel32.pdb", "09C043FE93B24206AEACCA1293C536742"], ["user32.pdb", "953B04792B8A48B2883930E36FD22A6A2"], ["xul.pdb", "F6A89660AF084CB2AFED7753C75BBEAC2"]], "version": 4, "stacks": [[[0, 5168], [1, 137043], [2, 102269], [2, 90802], [2, 90848], [3, 10392455], [3, 4172799], [3, 14178969], [3, 15452869], [3, 15466620], [3, 15466169], [3, 2336152], [3, 2325151], [3, 690229], [3, 2489544], [-1, 1.8446744073709552e+19], [-1, 1.8446744073709552e+19]]]}
