{"memoryMap": [["ntmarta.pdb", "3F1C7C7C47AD4899BE2F90C1A39D268C1"], ["kernelbase.pdb", "54986B07F81946D6B8FCFC40D628DEE01"], ["Windows.Storage.pdb", "7F3004384B89424AB670E8930E5DFA2E1"], ["xul.pdb", "FC3C8AC12F6D4D2FA8420D540DCABE722"]], "version": 4, "stacks": [[[0, 23238], [0, 23075], [0, 13392], [0, 8549], [0, 8104], [1, 367081], [1, 360684], [1, 359463], [2, 264639], [2, 266010], [3, 7073162], [3, 8792770], [3, 735090], [3, 2351546], [3, 669428], [3, 2428033], [-1, 1.8446744073709552e+19], [-1, 1.8446744073709552e+19]]]}
