{"memoryMap": [["user32.pdb", "9A43D3FD584F4A9698B7AB8D28BC8C502"], ["xul.pdb", "70B91A54533049C18CB477B607E1F7D72"]], "version": 4, "stacks": [[[0, 102489], [1, 13741051], [1, 14374879], [1, 25280777], [1, 25131042], [1, 1632187], [1, 999120], [1, 1013451], [1, 9471787], [1, 932351], [1, 1615148], [1, 932007], [1, 1245453], [-1, 1.8446744073709552e+19], [-1, 1.8446744073709552e+19]]]}
