{"memoryMap": [["xul.pdb", "FC3C8AC12F6D4D2FA8420D540DCABE722"]], "version": 4, "stacks": [[[0, 3576079], [0, 4723350], [0, 4728543], [0, 4724608], [0, 4166175], [0, 638947], [0, 3560548], [0, 3560098], [0, 3557982], [0, 3555875], [0, 3549198], [0, 3549018], [0, 3547602], [0, 3547429], [0, 4926774], [0, 4925358], [0, 4925016], [0, 8792770], [0, 735090], [0, 2351546], [-1, 1.8446744073709552e+19], [-1, 1.8446744073709552e+19]]]}
