{"memoryMap": [["shell32.pdb", "56838072364C4EBBBABB480B9C961AEB2"], ["xul.pdb", "70B91A54533049C18CB477B607E1F7D72"]], "version": 4, "stacks": [[[0, 199791], [0, 200472], [0, 200178], [0, 191914], [0, 202955], [1, 2835729], [1, 2834627], [1, 8802818], [1, 1831735], [1, 1850470], [1, 932007], [1, 1020536], [1, 9471787], [1, 932351], [1, 1245453], [-1, 1.8446744073709552e+19], [-1, 1.8446744073709552e+19]]]}
