{"memoryMap": [["kernelbase.pdb", "360321895D1B479A8ED1BB25577E326F2"], ["user32.pdb", "6343A215B6A54D18BB591B66F3C8F7A02"], ["xul.pdb", "F6A89660AF084CB2AFED7753C75BBEAC2"]], "version": 4, "stacks": [[[0, 4846], [1, 17370], [2, 10392455], [2, 4172799], [2, 14178969], [2, 15452869], [2, 15466620], [2, 15466169], [2, 2336152], [2, 2325151], [2, 690229], [2, 2489544], [-1, 1.8446744073709552e+19], [-1, 1.8446744073709552e+19]]]}
