{"memoryMap": [["xul.pdb", "F094D186ECDA498DAB7D715EAFDD67462"]], "version": 4, "stacks": [[[0, 2082507], [0, 2080296], [0, 1796305], [0, 1795368], [0, 1794917], [0, 1898195], [0, 1897596], [0, 1906187], [0, 1900545], [0, 3710030], [0, 1521076], [0, 3624921], [-1, 1.8446744073709552e+19], [-1, 1.8446744073709552e+19]]]}
