{"memoryMap": [["kernelbase.pdb", "96942B4FDFA145B19AB577C4F4EF60F42"], ["kernel32.pdb", "086A16B1023D447A812BC66919A26FF12"], ["user32.pdb", "9A43D3FD584F4A9698B7AB8D28BC8C502"], ["xul.pdb", "70B91A54533049C18CB477B607E1F7D72"]], "version": 4, "stacks": [[[0, 5168], [1, 136931], [2, 102285], [2, 90738], [2, 90784], [3, 13725349], [3, 13741139], [3, 14374879], [3, 25280777], [3, 25131042], [3, 5889522], [3, 5316638], [-1, 1.8446744073709552e+19], [-1, 1.8446744073709552e+19]]]}
