{"memoryMap": [["kernelbase.pdb", "85E54A5D25A840419060B55B11D47ECF2"], ["nss3.pdb", "24B1E31580E649E7BF1732DA9A2AC07E2"], ["xul.pdb", "FC3C8AC12F6D4D2FA8420D540DCABE722"]], "version": 4, "stacks": [[[0, 4376], [1, 551813], [1, 604740], [1, 605121], [2, 4258936], [2, 13705766], [2, 25261610], [2, 25225123], [2, 25016091], [2, 25015672], [2, 25040603], [2, 25039184], [2, 8792770], [2, 735090], [2, 2351546], [2, 669428], [2, 1511096], [2, 9461803], [2, 669818], [2, 2318322], [2, 670351], [2, 2428033], [-1, 1.8446744073709552e+19], [-1, 1.8446744073709552e+19], [-1, 1.8446744073709552e+19]]]}
