{"memoryMap": [["ntdll.pdb", "8AAAEEE259C340FCADC53FAF9FEF22E92"], ["kernel32.pdb", "CEE1211DAF10494CAFDDBE2C4232EAE82"], ["mozglue.pdb", "791A41AF0F774A098D6A7E51B1699A0B2"], ["xul.pdb", "7E344514A25647DFAC67A09CACEB3DF92"]], "version": 4, "stacks": [[[0, 786388], [1, 308840], [2, 38830], [3, 8113449], [3, 5143474], [3, 5142163], [3, 5141556], [3, 599039], [3, 972146], [3, 2228617], [-1, 1.8446744073709552e+19], [-1, 1.8446744073709552e+19]]]}
