{"memoryMap": [["ntdll.pdb", "CFF40300FD804691B73E12CF2A150EE02"], ["nss3.pdb", "931300D6BE7D426A94CFA2387517430B2"], ["xul.pdb", "151582BE445043E785AEB7FA807DA6952"]], "version": 4, "stacks": [[[0, 315816], [0, 315554], [1, 140712], [1, 141529], [2, 2942547], [2, 2942275], [2, 3087575], [2, 35700977], [2, 35709624], [2, 9132338], [2, 1925987], [2, 1924314], [-1, 1.8446744073709552e+19], [-1, 1.8446744073709552e+19]]]}
