{"memoryMap": [["xul.pdb", "F6A89660AF084CB2AFED7753C75BBEAC2"]], "version": 4, "stacks": [[[0, 11652835], [0, 2231398], [0, 2230738], [0, 2251879], [0, 2668027], [0, 4937265], [0, 8734816], [0, 8843314], [0, 916439], [0, 913514], [-1, 1.8446744073709552e+19], [-1, 1.8446744073709552e+19]]]}
