{"memoryMap": [["dbghelp.pdb", "5A5CC2E8806E4E37864539C5F399A04A1"], ["xul.pdb", "BD90DC4C2F6F42808EE11B1D8C08C7942"]], "version": 4, "stacks": [[[0, 1134017], [0, 1148405], [0, 1128418], [0, 1129604], [1, 36170168], [1, 36169118], [1, 36144468], [1, 25525075], [1, 25564826], [1, 25553438], [1, 2688138], [1, 5682128], [1, 3023287], [1, 8816306], [1, 707047], [1, 722430], [-1, 1.8446744073709552e+19], [-1, 1.8446744073709552e+19]]]}
