{"memoryMap": [["xul.pdb", "F6A89660AF084CB2AFED7753C75BBEAC2"]], "version": 4, "stacks": [[[0, 926307], [0, 922679], [0, 3901215], [0, 6275691], [0, 6275388], [0, 8843401], [0, 35682328], [0, 35681000], [0, 35726099], [0, 8843314], [0, 916439], [0, 913514], [0, 2253808], [0, 2321042], [0, 2327708], [0, 2487031], [0, 2254547], [0, 1527497], [-1, 1.8446744073709552e+19], [-1, 1.8446744073709552e+19]]]}
