{"memoryMap": [["kernelbase.pdb", "54986B07F81946D6B8FCFC40D628DEE01"], ["Windows.Storage.pdb", "7F3004384B89424AB670E8930E5DFA2E1"], ["xul.pdb", "F094D186ECDA498DAB7D715EAFDD67462"]], "version": 4, "stacks": [[[0, 361460], [0, 359463], [1, 264639], [1, 266010], [2, 5938206], [2, 8865874], [2, 764919], [2, 1765582], [-1, 1.8446744073709552e+19], [-1, 1.8446744073709552e+19]]]}
