{"memoryMap": [["xul.pdb", "70B91A54533049C18CB477B607E1F7D72"]], "version": 4, "stacks": [[[0, 985781], [0, 988679], [0, 932927], [0, 1020536], [0, 9471787], [0, 932351], [0, 1020536], [0, 9471787], [0, 932351], [0, 1020536], [0, 9471787], [0, 932351], [0, 1020536], [0, 9471787], [0, 932351], [0, 1020536], [0, 9471787], [0, 932351], [0, 1615148], [0, 932007], [0, 1622082], [0, 932968], [0, 1245453], [-1, 1.8446744073709552e+19], [-1, 1.8446744073709552e+19]]]}
