{"memoryMap": [["kernelbase.pdb", "3F1EE0A9E0A7891C52817A411C9088631"], ["user32.pdb", "0CA036B534923C6AA9125BF6A43AD5781"], ["xul.pdb", "F6A89660AF084CB2AFED7753C75BBEAC2"]], "version": 4, "stacks": [[[0, 318752], [1, 129440], [2, 10392455], [2, 4172799], [2, 14178969], [2, 15452869], [2, 15466620], [2, 15466169], [2, 2336152], [2, 2325151], [2, 690229], [2, 2489544], [-1, 1.8446744073709552e+19], [-1, 1.8446744073709552e+19]]]}
