{"memoryMap": [["kernelbase.pdb", "2797F41DA1EB4D39A25C73C95BC7C7901"], ["Windows.Storage.pdb", "6F090A0BB39C46E5B507A7CE4E6542601"], ["xul.pdb", "82200CFC0A134E7BAAD6F0FF61FE2F902"]], "version": 4, "stacks": [[[0, 359949], [0, 359463], [1, 74695], [1, 76202], [2, 6455438], [2, 9105698], [2, 2464695], [2, 2482242], [-1, 1.8446744073709552e+19], [-1, 1.8446744073709552e+19]]]}
