{"memoryMap": [["xul.pdb", "BD90DC4C2F6F42808EE11B1D8C08C7942"]], "version": 4, "stacks": [[[0, 1074501], [0, 5285206], [0, 5275810], [0, 5275616], [0, 1611362], [0, 617795], [0, 610917], [0, 8282498], [0, 1350954], [0, 1349385], [-1, 1.8446744073709552e+19], [-1, 1.8446744073709552e+19]]]}
