{"memoryMap": [["xul.pdb", "A0F1DD6A16A9441B93D193A672114B342"]], "version": 4, "stacks": [[[0, 2917097], [0, 2916220], [0, 3749022], [0, 3748704], [0, 3751682], [0, 3714425], [0, 7740502], [-1, 1.8446744073709552e+19], [-1, 1.8446744073709552e+19], [-1, 1.8446744073709552e+19], [-1, 1.8446744073709552e+19]]]}
