{"memoryMap": [["xul.pdb", "6A08F13CCDA6432E9661767D9BC395E42"]], "version": 4, "stacks": [[[0, 1672415], [0, 1672231], [0, 1574957], [0, 1717498], [0, 1717324], [0, 2234738], [0, 4423526], [0, 8542206], [0, 2190770], [0, 2189747], [-1, 1.8446744073709552e+19], [-1, 1.8446744073709552e+19]]]}
