{"memoryMap": [["xul.pdb", "A0F1DD6A16A9441B93D193A672114B342"]], "version": 4, "stacks": [[[0, 663271], [0, 662549], [0, 4013903], [0, 4011715], [0, 1805611], [0, 4264941], [0, 4263367], [0, 1624206], [0, 656220], [0, 760444], [0, 9772187], [0, 656459], [0, 2560570], [0, 3752083], [-1, 1.8446744073709552e+19], [-1, 1.8446744073709552e+19]]]}
