{"memoryMap": [["xul.pdb", "4B7C0FE6BEFD4EA192F9BC6E522A6EBC2"]], "version": 4, "stacks": [[[0, 1820393], [0, 1820911], [0, 1821359], [0, 1818176], [0, 1817402], [0, 1812024], [0, 1811769], [0, 8408599], [0, 1483670], [0, 1181824], [0, 2648297], [0, 2647788], [0, 9135282], [0, 1232907], [0, 1252602], [0, 758926], [0, 951874], [-1, 1.8446744073709552e+19], [-1, 1.8446744073709552e+19]]]}
