{"memoryMap": [["kernelbase.pdb", "D396875654E9416CBA16E51F8B0A8B1E2"], ["kernel32.pdb", "CEE1211DAF10494CAFDDBE2C4232EAE82"], ["user32.pdb", "270F670F42E94EEC8208EA4E019CDFE42"], ["xul.pdb", "F6A89660AF084CB2AFED7753C75BBEAC2"]], "version": 4, "stacks": [[[0, 5168], [1, 136915], [2, 102333], [2, 90830], [2, 90880], [3, 10392455], [3, 4172799], [3, 14178969], [3, 15452869], [3, 15466620], [3, 15466169], [3, 2336152], [3, 2325151], [3, 690229], [3, 2489544], [-1, 1.8446744073709552e+19], [-1, 1.8446744073709552e+19]]]}
