{"memoryMap": [["kernelbase.pdb", "FF31C2F3216C4621A7F009584AC0D68F2"], ["nss3.pdb", "1AA5F93AAC754DD7A1C2A25487237FBD2"], ["xul.pdb", "C110DFB6FB6F4481863598CE3A19BC5A2"]], "version": 4, "stacks": [[[0, 4268], [1, 551813], [1, 604740], [1, 605121], [2, 4289944], [2, 13781406], [2, 25336906], [2, 25300384], [2, 25088283], [2, 25087900], [2, 25112707], [2, 25111256], [2, 9084098], [2, 1067155], [2, 1492270], [2, 1117319], [2, 1173484], [2, 9751883], [2, 1117663], [2, 918946], [2, 1118280], [2, 1421233], [-1, 1.8446744073709552e+19], [-1, 1.8446744073709552e+19], [-1, 1.8446744073709552e+19]]]}
