{"memoryMap": [["xul.pdb", "F094D186ECDA498DAB7D715EAFDD67462"]], "version": 4, "stacks": [[[0, 2067334], [0, 2065981], [0, 7113923], [0, 7113260], [0, 1931716], [0, 1894550], [0, 1897654], [0, 1906187], [0, 1900545], [0, 8393915], [0, 1521054], [0, 3624921], [-1, 1.8446744073709552e+19], [-1, 1.8446744073709552e+19]]]}
