{"memoryMap": [["kernelbase.pdb", "2797F41DA1EB4D39A25C73C95BC7C7901"], ["xul.pdb", "F6A89660AF084CB2AFED7753C75BBEAC2"]], "version": 4, "stacks": [[[0, 190246], [1, 4721320], [1, 4720702], [1, 4714910], [1, 5700696], [1, 8843314], [1, 916439], [1, 913514], [1, 2253808], [1, 2359298], [1, 9511627], [1, 2254160], [1, 2321042], [1, 2327708], [1, 2487031], [1, 2254547], [1, 1527497], [-1, 1.8446744073709552e+19], [-1, 1.8446744073709552e+19]]]}
