{"memoryMap": [["xul.pdb", "2DEE45231F4B496D80F1E521C8987C772"]], "version": 4, "stacks": [[[0, 947748], [0, 943853], [0, 942134], [0, 3614457], [0, 3613627], [0, 3611497], [0, 3609792], [0, 3949280], [0, 2409079], [-1, 1.8446744073709552e+19], [-1, 1.8446744073709552e+19]]]}
