{"memoryMap": [["xul.pdb", "973108322CE64256A964E1691A495FD12"], ["kernelbase.pdb", "54986B07F81946D6B8FCFC40D628DEE01"]], "version": 4, "stacks": [[[0, 7261416], [1, 164293], [0, 6004105], [0, 6003890], [0, 4852040], [0, 8876258], [0, 1355459], [0, 1216712], [0, 1956723], [0, 1928922], [0, 1425384], [0, 1428115], [-1, 1.8446744073709552e+19], [-1, 1.8446744073709552e+19]]]}
