{"memoryMap": [["xul.pdb", "70B91A54533049C18CB477B607E1F7D72"]], "version": 4, "stacks": [[[0, 5243802], [0, 3802671], [0, 1413205], [0, 6683686], [0, 2479746], [0, 929505], [0, 1136864], [0, 1134888], [0, 1134740], [0, 1132815], [0, 1130552], [0, 4888238], [0, 4888058], [0, 4887998], [0, 4888365], [0, 5776118], [0, 5774524], [0, 5774384], [0, 8802818], [0, 1831735], [0, 1850470], [-1, 1.8446744073709552e+19], [-1, 1.8446744073709552e+19]]]}
