{"memoryMap": [["xul.pdb", "F6A89660AF084CB2AFED7753C75BBEAC2"]], "version": 4, "stacks": [[[0, 1260983], [0, 1260798], [0, 4095414], [0, 3598328], [0, 8049925], [0, 4067646], [0, 1383683], [0, 1382762], [0, 2738927], [0, 3180410], [0, 2409511], [-1, 1.8446744073709552e+19], [-1, 1.8446744073709552e+19]]]}
