{"memoryMap": [["xul.pdb", "2DEE45231F4B496D80F1E521C8987C772"]], "version": 4, "stacks": [[[0, 1867395], [0, 3300894], [0, 1860963], [0, 3279569], [0, 8454019], [0, 9996768], [0, 2320400], [0, 2317421], [0, 2322975], [0, 2326986], [0, 1228791], [0, 1224790], [0, 1739266], [0, 929399], [0, 1215585], [-1, 1.8446744073709552e+19], [-1, 1.8446744073709552e+19]]]}
