{"memoryMap": [["kernelbase.pdb", "96942B4FDFA145B19AB577C4F4EF60F42"], ["nss3.pdb", "20F236FD2B8044ABBEA7F44C47BC58DE2"], ["xul.pdb", "70B91A54533049C18CB477B607E1F7D72"]], "version": 4, "stacks": [[[0, 32650], [1, 551368], [1, 605986], [1, 615314], [2, 25284789], [2, 25272898], [2, 14328772], [2, 14336515], [2, 6001215], [2, 3235207], [2, 13741454], [2, 14375761], [2, 25281537], [2, 25130953], [2, 2503880], [2, 1016513], [2, 9471787], [2, 932351], [2, 1615148], [2, 932007], [2, 1245453], [-1, 1.8446744073709552e+19], [-1, 1.8446744073709552e+19]]]}
