{"memoryMap": [["kernelbase.pdb", "45AF3B964EE444B2A1C724F43243D00A2"], ["nss3.pdb", "2954AB2C6AAD44B3BA97F3A7C3F0F7152"], ["xul.pdb", "F6A89660AF084CB2AFED7753C75BBEAC2"]], "version": 4, "stacks": [[[0, 4268], [1, 551813], [1, 604740], [1, 605121], [2, 3745660], [2, 8374253], [2, 8374103], [2, 36081544], [2, 36076873], [2, 6171988], [2, 3571708], [2, 8843314], [2, 916439], [2, 913514], [2, 2253808], [2, 1527497], [-1, 1.8446744073709552e+19], [-1, 1.8446744073709552e+19]]]}
