{"memoryMap": [["kernelbase.pdb", "54986B07F81946D6B8FCFC40D628DEE01"], ["nss3.pdb", "2954AB2C6AAD44B3BA97F3A7C3F0F7152"], ["xul.pdb", "F6A89660AF084CB2AFED7753C75BBEAC2"]], "version": 4, "stacks": [[[0, 95743], [1, 551813], [1, 604740], [1, 605121], [2, 3745660], [2, 8374253], [2, 8374103], [2, 36081544], [2, 36076873], [2, 6171988], [2, 3571708], [2, 3570824], [2, 3570309], [2, 3570214], [2, 3898039], [2, 8843314], [2, 916439], [2, 913514], [-1, 1.8446744073709552e+19], [-1, 1.8446744073709552e+19]]]}
