{"memoryMap": [["kernelbase.pdb", "85E54A5D25A840419060B55B11D47ECF2"], ["user32.pdb", "CFAEEEAD336E4562AB6EB187BD9184E42"], ["xul.pdb", "BD90DC4C2F6F42808EE11B1D8C08C7942"]], "version": 4, "stacks": [[[0, 5101], [1, 13984], [1, 14196], [2, 11501467], [2, 6002331], [2, 14246533], [2, 15424625], [2, 15438448], [2, 15437997], [2, 1648650], [2, 1642967], [2, 2484941], [2, 1638719], [2, 1296773], [2, 1094112], [2, 1108443], [2, 9483691], [2, 1058126], [2, 887636], [2, 1057751], [2, 1697714], [2, 1058721], [2, 1278689], [-1, 1.8446744073709552e+19], [-1, 1.8446744073709552e+19]]]}
