{"memoryMap": [["kernelbase.pdb", "2797F41DA1EB4D39A25C73C95BC7C7901"], ["user32.pdb", "27AC3870843A49558959446A7EE7C93E1"], ["xul.pdb", "3DA54D8ABF7F49D181B8E813BE72AEC52"]], "version": 4, "stacks": [[[0, 312015], [1, 146168], [2, 11681357], [2, 4863162], [2, 14294032], [2, 15520861], [2, 15526789], [2, 15526037], [2, 748760], [2, 1566290], [2, 774316], [2, 7351153], [2, 748760], [2, 1765361], [-1, 1.8446744073709552e+19], [-1, 1.8446744073709552e+19]]]}
