{"memoryMap": [["kernelbase.pdb", "54986B07F81946D6B8FCFC40D628DEE01"], ["user32.pdb", "27AC3870843A49558959446A7EE7C93E1"], ["xul.pdb", "70B91A54533049C18CB477B607E1F7D72"]], "version": 4, "stacks": [[[0, 312015], [1, 146168], [2, 10347949], [2, 3926027], [2, 14114813], [2, 15398309], [2, 15404229], [2, 15403477], [2, 935035], [2, 1622082], [2, 986604], [2, 7198317], [2, 935035], [2, 1621490], [-1, 1.8446744073709552e+19], [-1, 1.8446744073709552e+19]]]}
