{"memoryMap": [["xul.pdb", "7E344514A25647DFAC67A09CACEB3DF92"]], "version": 4, "stacks": [[[0, 5143304], [0, 5142163], [0, 5141556], [0, 599039], [0, 972146], [0, 2228617], [-1, 1.8446744073709552e+19], [-1, 1.8446744073709552e+19]]]}
