{"memoryMap": [["xul.pdb", "F6A89660AF084CB2AFED7753C75BBEAC2"]], "version": 4, "stacks": [[[0, 2537808], [0, 2533288], [0, 2533721], [0, 2532637], [0, 2532373], [0, 2539180], [0, 2532243], [0, 2317810], [0, 2434883], [0, 1675147], [0, 9975914], [0, 2263413], [0, 3669967], [0, 7618208], [0, 7618107], [-1, 1.8446744073709552e+19], [-1, 1.8446744073709552e+19]]]}
