{"memoryMap": [["apphelp.pdb", "DB81D4B7C7234F17A3FF0B368E1E09D91"], ["", ""], ["kernelbase.pdb", "54986B07F81946D6B8FCFC40D628DEE01"], ["shcore.pdb", "BE0199B0486445ABAEA1EB4018918C261"], ["Windows.Storage.pdb", "7F3004384B89424AB670E8930E5DFA2E1"], ["xul.pdb", "BD90DC4C2F6F42808EE11B1D8C08C7942"]], "version": 4, "stacks": [[[0, 5897], [1, 290905], [1, 290488], [2, 187167], [2, 186358], [1, 321422], [1, 315141], [3, 68110], [3, 76963], [3, 65643], [4, 264197], [4, 264583], [4, 266010], [5, 7077178], [5, 8816306], [5, 707047], [5, 722430], [5, 1057751], [5, 1115542], [5, 9483691], [5, 1058126], [5, 1278689], [-1, 1.8446744073709552e+19], [-1, 1.8446744073709552e+19], [-1, 1.8446744073709552e+19]]]}
