{"memoryMap": [["xul.pdb", "F6A89660AF084CB2AFED7753C75BBEAC2"]], "version": 4, "stacks": [[[0, 1410947], [0, 2641675], [0, 3192483], [0, 3192328], [0, 3191234], [-1, 1.8446744073709552e+19], [-1, 1.8446744073709552e+19]]]}
