{"memoryMap": [["kernelbase.pdb", "9AEB75D28EF0470FA58B7785D6CE60FD2"], ["shell32.pdb", "7F7459447BE7487BB0EDF61522C5FBC82"], ["xul.pdb", "FFD35FCD264541139AFE5477CF4C3FDD2"]], "version": 4, "stacks": [[[0, 172328], [0, 170343], [1, 92363], [1, 91978], [2, 5919326], [2, 9158978], [2, 1750935], [2, 1749624], [2, 1356195], [2, 1391696], [2, 9829211], [2, 1356559], [2, 2277249], [-1, 1.8446744073709552e+19], [-1, 1.8446744073709552e+19]]]}
