{"memoryMap": [["kernelbase.pdb", "2797F41DA1EB4D39A25C73C95BC7C7901"], ["Windows.Storage.pdb", "6F090A0BB39C46E5B507A7CE4E6542601"], ["xul.pdb", "F6A89660AF084CB2AFED7753C75BBEAC2"]], "version": 4, "stacks": [[[0, 360510], [0, 359463], [1, 74695], [1, 76202], [2, 7003066], [2, 8843314], [2, 916439], [2, 913514], [2, 2253808], [2, 2359298], [2, 9511627], [2, 2254160], [2, 1527497], [-1, 1.8446744073709552e+19], [-1, 1.8446744073709552e+19]]]}
