{"memoryMap": [["xul.pdb", "82200CFC0A134E7BAAD6F0FF61FE2F902"]], "version": 4, "stacks": [[[0, 717550], [0, 1134018], [0, 1530030], [0, 5614735], [-1, 1.8446744073709552e+19], [-1, 1.8446744073709552e+19]]]}
