{"memoryMap": [["nss3.pdb", "2E795DE3BCDD4283ABD739BC3B1900EA2"], ["xul.pdb", "BD90DC4C2F6F42808EE11B1D8C08C7942"]], "version": 4, "stacks": [[[0, 613602], [1, 1752744], [1, 1751519], [1, 1751348], [1, 1750251], [1, 4981989], [1, 15428582], [1, 15437929], [1, 1648650], [1, 1642967], [1, 2484941], [1, 6595364], [-1, 1.8446744073709552e+19], [-1, 1.8446744073709552e+19]]]}
