{"memoryMap": [["xul.pdb", "F6A89660AF084CB2AFED7753C75BBEAC2"]], "version": 4, "stacks": [[[0, 1416225], [0, 3673845], [0, 7878794], [0, 8190175], [0, 8190027], [0, 3165110], [0, 2253808], [0, 2359298], [0, 9511627], [0, 2254160], [0, 1527497], [-1, 1.8446744073709552e+19], [-1, 1.8446744073709552e+19]]]}
