{"memoryMap": [["ntdll.pdb", "70466422575F401595DFAE96B58E37BF1"], ["nss3.pdb", "13EF846876D949F5B8721E1E47BC40562"], ["xul.pdb", "82200CFC0A134E7BAAD6F0FF61FE2F902"]], "version": 4, "stacks": [[[0, 252041], [0, 242260], [1, 140712], [1, 141529], [2, 3994611], [2, 3994339], [2, 5311203], [2, 35736313], [2, 35744976], [2, 9105698], [2, 2464695], [2, 2482242], [-1, 1.8446744073709552e+19], [-1, 1.8446744073709552e+19]]]}
