{"memoryMap": [["xul.pdb", "70B91A54533049C18CB477B607E1F7D72"], ["kernelbase.pdb", "54986B07F81946D6B8FCFC40D628DEE01"], ["nss3.pdb", "20F236FD2B8044ABBEA7F44C47BC58DE2"]], "version": 4, "stacks": [[[0, 7494361], [1, 180836], [2, 509267], [0, 2153288], [0, 2153173], [0, 2148917], [0, 2147409], [0, 2147260], [0, 8802818], [0, 1831735], [0, 1850470], [0, 932007], [0, 1245453], [-1, 1.8446744073709552e+19], [-1, 1.8446744073709552e+19]]]}
