{"memoryMap": [["xul.pdb", "7E344514A25647DFAC67A09CACEB3DF92"]], "version": 4, "stacks": [[[0, 7106551], [0, 1518540], [0, 1518390], [0, 5392561], [0, 5392024], [0, 9126322], [0, 1504623], [0, 1503312], [-1, 1.8446744073709552e+19], [-1, 1.8446744073709552e+19]]]}
