{"memoryMap": [["xul.pdb", "7E344514A25647DFAC67A09CACEB3DF92"]], "version": 4, "stacks": [[[0, 5143304], [0, 5142163], [0, 5141556], [0, 599039], [0, 972146], [0, 2095181], [0, 3382616], [0, 3381122], [0, 3380812], [0, 1315507], [0, 1314939], [0, 2976170], [0, 2975990], [0, 2975930], [0, 2975877], [0, 3116209], [0, 3114779], [0, 3114472], [0, 9126322], [0, 1504623], [0, 1503312], [0, 2096755], [0, 1487905], [-1, 1.8446744073709552e+19], [-1, 1.8446744073709552e+19]]]}
