{"memoryMap": [["xul.pdb", "973108322CE64256A964E1691A495FD12"], ["kernelbase.pdb", "54986B07F81946D6B8FCFC40D628DEE01"], ["shcore.pdb", "BE0199B0486445ABAEA1EB4018918C261"], ["Windows.Storage.pdb", "7F3004384B89424AB670E8930E5DFA2E1"]], "version": 4, "stacks": [[[0, 8087535], [1, 441164], [2, 69565], [2, 69709], [3, 264400], [3, 264583], [3, 266010], [0, 8511542], [0, 8876258], [0, 1355459], [0, 1422598], [0, 1956723], [0, 1974255], [0, 9547915], [0, 1957111], [0, 917945], [-1, 1.8446744073709552e+19], [-1, 1.8446744073709552e+19], [-1, 1.8446744073709552e+19]]]}
