{"memoryMap": [["ntdll.pdb", "D1E4E60E3CCF4933875C04D1A21456D12"], ["mozglue.pdb", "4DE8BBFEEEF54466991F0D0DF6C9AB832"], ["xul.pdb", "70B91A54533049C18CB477B607E1F7D72"]], "version": 4, "stacks": [[[0, 298840], [0, 298580], [1, 11976], [2, 2479151], [2, 1149356], [2, 1149094], [2, 3504583], [-1, 1.8446744073709552e+19], [-1, 1.8446744073709552e+19]]]}
