{"memoryMap": [["kernelbase.pdb", "2797F41DA1EB4D39A25C73C95BC7C7901"], ["user32.pdb", "27AC3870843A49558959446A7EE7C93E1"], ["xul.pdb", "F6A89660AF084CB2AFED7753C75BBEAC2"]], "version": 4, "stacks": [[[0, 312015], [1, 146168], [2, 10392455], [2, 4172799], [2, 14178969], [2, 15452869], [2, 15466620], [2, 15466169], [2, 2336152], [2, 2325151], [2, 690229], [2, 2489544], [-1, 1.8446744073709552e+19], [-1, 1.8446744073709552e+19]]]}
