{"memoryMap": [["xul.pdb", "70B91A54533049C18CB477B607E1F7D72"]], "version": 4, "stacks": [[[0, 894139], [0, 5243802], [0, 3802671], [0, 1413205], [0, 6683686], [0, 9919284], [0, 1848993], [0, 1709911], [0, 1644811], [0, 1836415], [0, 1831655], [0, 1850470], [0, 932007], [0, 1245453], [-1, 1.8446744073709552e+19], [-1, 1.8446744073709552e+19]]]}
