{"memoryMap": [["mozglue.pdb", "71733D36EAE14785A6C81F14041703482"], ["xul.pdb", "D182C80F4F5E4ED49F50796BE713C7872"]], "version": 4, "stacks": [[[0, 30067], [1, 34882099], [1, 34897854], [1, 34898238], [1, 34881201], [1, 34885991], [1, 34885028], [1, 34885867], [1, 9094194], [1, 798983], [1, 796118], [1, 1050098], [1, 1103246], [1, 9763467], [1, 1050443], [1, 3488466], [1, 1051066], [1, 666273], [-1, 1.8446744073709552e+19], [-1, 1.8446744073709552e+19]]]}
