{"memoryMap": [["ntmarta.pdb", "3F1C7C7C47AD4899BE2F90C1A39D268C1"], ["kernelbase.pdb", "54986B07F81946D6B8FCFC40D628DEE01"], ["Windows.Storage.pdb", "7F3004384B89424AB670E8930E5DFA2E1"], ["xul.pdb", "F094D186ECDA498DAB7D715EAFDD67462"]], "version": 4, "stacks": [[[0, 22159], [0, 13477], [0, 8549], [0, 8104], [1, 367081], [1, 360684], [1, 359463], [2, 264639], [2, 266010], [3, 5938206], [3, 8865874], [3, 764919], [3, 1765582], [3, 1787938], [3, 2747985], [-1, 1.8446744073709552e+19], [-1, 1.8446744073709552e+19]]]}
