{"memoryMap": [["xul.pdb", "BD90DC4C2F6F42808EE11B1D8C08C7942"]], "version": 4, "stacks": [[[0, 682344], [0, 4568454], [0, 1165254], [-1, 1.8446744073709552e+19], [-1, 1.8446744073709552e+19]]]}
