{"memoryMap": [["xul.pdb", "6A08F13CCDA6432E9661767D9BC395E42"]], "version": 4, "stacks": [[[0, 3227639], [0, 3227557], [0, 3227403], [0, 3227315], [0, 5362319], [0, 3223630], [0, 3265863], [0, 6605912], [0, 7627725], [0, 7627525], [0, 3263466], [0, 3261404], [0, 3260757], [0, 1710641], [0, 1709738], [0, 2151260], [0, 2610793], [0, 1182920], [0, 3173010], [0, 1182522], [0, 3172420], [-1, 1.8446744073709552e+19], [-1, 1.8446744073709552e+19]]]}
