{"memoryMap": [["xul.pdb", "F094D186ECDA498DAB7D715EAFDD67462"]], "version": 4, "stacks": [[[0, 3659362], [0, 1569591], [-1, 1.8446744073709552e+19], [-1, 1.8446744073709552e+19]]]}
