{"memoryMap": [["kernelbase.pdb", "54986B07F81946D6B8FCFC40D628DEE01"], ["nss3.pdb", "20F236FD2B8044ABBEA7F44C47BC58DE2"], ["xul.pdb", "70B91A54533049C18CB477B607E1F7D72"]], "version": 4, "stacks": [[[0, 95743], [1, 551813], [1, 604740], [1, 605121], [2, 4008664], [2, 13715842], [2, 25290306], [2, 25254084], [2, 25045839], [2, 25045420], [2, 25070331], [2, 25068912], [2, 8802818], [2, 1831735], [2, 1850470], [2, 932007], [2, 1020536], [2, 9471787], [2, 932351], [2, 1622082], [2, 932968], [2, 1245453], [-1, 1.8446744073709552e+19], [-1, 1.8446744073709552e+19], [-1, 1.8446744073709552e+19]]]}
