{"memoryMap": [["xul.pdb", "F6A89660AF084CB2AFED7753C75BBEAC2"]], "version": 4, "stacks": [[[0, 846449], [0, 846084], [0, 2330889], [0, 2326827], [0, 2329783], [0, 2325189], [0, 6824204], [-1, 1.8446744073709552e+19], [-1, 1.8446744073709552e+19]]]}
