{"memoryMap": [["kernelbase.pdb", "91635C4318764D6E90337B81944C89D62"], ["dbghelp.pdb", "094E015761DA454EB641C2328520CD6F2"], ["xul.pdb", "BD90DC4C2F6F42808EE11B1D8C08C7942"]], "version": 4, "stacks": [[[0, 80740], [1, 226672], [1, 226816], [1, 189152], [1, 189932], [1, 200794], [1, 204087], [1, 205113], [2, 36170168], [2, 36169118], [2, 36144068], [2, 25238488], [2, 25284848], [2, 25519953], [2, 25519723], [2, 3023287], [2, 8816306], [2, 707047], [2, 722430], [-1, 1.8446744073709552e+19], [-1, 1.8446744073709552e+19]]]}
