{"memoryMap": [["xul.pdb", "F6A89660AF084CB2AFED7753C75BBEAC2"]], "version": 4, "stacks": [[[0, 893165], [0, 894868], [0, 886963], [0, 886580], [0, 886224], [0, 2673498], [0, 880445], [0, 7897695], [-1, 1.8446744073709552e+19], [-1, 1.8446744073709552e+19]]]}
