{"memoryMap": [["xul.pdb", "70B91A54533049C18CB477B607E1F7D72"]], "version": 4, "stacks": [[[0, 10348229], [0, 3926027], [0, 14114813], [0, 15398309], [0, 15404229], [0, 15403477], [0, 935035], [0, 1622082], [0, 986604], [0, 7198317], [0, 935035], [0, 1621490], [-1, 1.8446744073709552e+19], [-1, 1.8446744073709552e+19]]]}
