{"memoryMap": [["ntdll.pdb", "D1E4E60E3CCF4933875C04D1A21456D12"], ["nss3.pdb", "20F236FD2B8044ABBEA7F44C47BC58DE2"], ["xul.pdb", "70B91A54533049C18CB477B607E1F7D72"]], "version": 4, "stacks": [[[0, 298840], [0, 298580], [1, 423326], [2, 3044977], [2, 3043914], [2, 8380136], [2, 8380011], [2, 8802818], [2, 1831735], [2, 3506340], [2, 932007], [2, 1880850], [2, 2504919], [2, 1653643], [-1, 1.8446744073709552e+19], [-1, 1.8446744073709552e+19]]]}
