{"memoryMap": [["ntdll.pdb", "DC445345249541D284B484F99C46375F1"], ["nss3.pdb", "931300D6BE7D426A94CFA2387517430B2"], ["xul.pdb", "151582BE445043E785AEB7FA807DA6952"]], "version": 4, "stacks": [[[0, 232289], [0, 225572], [1, 423326], [2, 3088497], [2, 3087686], [2, 35804749], [2, 35709070], [2, 9132338], [2, 1925987], [2, 1924314], [2, 1439826], [2, 1481641], [2, 9802539], [2, 1440202], [2, 3772706], [2, 1440794], [2, 1908768], [-1, 1.8446744073709552e+19], [-1, 1.8446744073709552e+19]]]}
