{"memoryMap": [["mozglue.pdb", "28DE9FB478244E7A99F4A160B9F9C91C2"], ["xul.pdb", "BD90DC4C2F6F42808EE11B1D8C08C7942"]], "version": 4, "stacks": [[[0, 9364], [1, 6278907], [1, 5430921], [1, 1271108], [1, 3156358], [1, 1259219], [1, 1264521], [1, 1268471], [1, 1234424], [1, 1252870], [1, 1236277], [1, 1308486], [1, 757162], [1, 9483426], [1, 1058126], [1, 844418], [1, 1649820], [1, 1642967], [1, 1638719], [1, 1290090], [1, 1287475], [-1, 1.8446744073709552e+19], [-1, 1.8446744073709552e+19]]]}
