{"memoryMap": [["kernel32.pdb", "16B043D3B6DB4DB4A41CB94A43CE0D492"], ["shell32.pdb", "1BE633AD313047178757F6A2FA35C5AE2"], ["xul.pdb", "70B91A54533049C18CB477B607E1F7D72"]], "version": 4, "stacks": [[[0, 610184], [1, 2384986], [1, 2378247], [2, 2843034], [2, 8802818], [2, 1831735], [2, 1850470], [2, 932007], [2, 1020536], [2, 9471787], [2, 932351], [2, 1245453], [-1, 1.8446744073709552e+19], [-1, 1.8446744073709552e+19]]]}
