{"memoryMap": [["ntdll.pdb", "309B7D2A275C49A1917EC6033A73D0ED1"], ["nss3.pdb", "2E795DE3BCDD4283ABD739BC3B1900EA2"], ["xul.pdb", "BD90DC4C2F6F42808EE11B1D8C08C7942"]], "version": 4, "stacks": [[[0, 253369], [0, 243588], [1, 140712], [1, 141529], [2, 5116257], [2, 5115851], [2, 5118219], [2, 35545651], [2, 35555060], [2, 8816306], [2, 707047], [2, 722430], [2, 1057751], [2, 1115542], [2, 9483691], [2, 1058126], [2, 827910], [2, 3539227], [-1, 1.8446744073709552e+19], [-1, 1.8446744073709552e+19]]]}
