{"memoryMap": [["xul.pdb", "F094D186ECDA498DAB7D715EAFDD67462"]], "version": 4, "stacks": [[[0, 1491899], [0, 1488308], [0, 1487952], [0, 1766805], [-1, 1.8446744073709552e+19], [-1, 1.8446744073709552e+19]]]}
