{"memoryMap": [["kernelbase.pdb", "54986B07F81946D6B8FCFC40D628DEE01"], ["nss3.pdb", "2954AB2C6AAD44B3BA97F3A7C3F0F7152"], ["xul.pdb", "F6A89660AF084CB2AFED7753C75BBEAC2"]], "version": 4, "stacks": [[[0, 188370], [1, 31321], [2, 8133176], [1, 55757], [1, 82504], [1, 413435], [1, 413207], [2, 5650065], [2, 5649746], [2, 8843314], [2, 916439], [2, 913514], [2, 2253808], [2, 1527497], [-1, 1.8446744073709552e+19], [-1, 1.8446744073709552e+19], [-1, 1.8446744073709552e+19]]]}
