{"memoryMap": [["xul.pdb", "6A08F13CCDA6432E9661767D9BC395E42"]], "version": 4, "stacks": [[[0, 1665610], [0, 1664699], [0, 1657913], [0, 861116], [0, 1691504], [0, 1371195], [0, 1366862], [0, 760031], [0, 759761], [0, 754048], [0, 760272], [0, 3400625], [0, 5131818], [0, 1519269], [0, 5660650], [0, 5660388], [0, 5659096], [0, 5653660], [0, 3432379], [-1, 1.8446744073709552e+19], [-1, 1.8446744073709552e+19]]]}
