{"memoryMap": [["kernelbase.pdb", "2797F41DA1EB4D39A25C73C95BC7C7901"], ["kernel32.pdb", "4FA6ED6A61A94BF0AB628CF4D1C518CB1"], ["xul.pdb", "A0F1DD6A16A9441B93D193A672114B342"], ["shcore.pdb", "1375C24C4D13484FB31C5B2E9E690F321"], ["Windows.Storage.pdb", "6F090A0BB39C46E5B507A7CE4E6542601"]], "version": 4, "stacks": [[[0, 165438], [0, 163244], [1, 90026], [2, 8261970], [2, 1786735], [2, 8046174], [2, 8045774], [2, 1785095], [2, 1784809], [2, 1784532], [2, 8345215], [0, 441164], [3, 69565], [3, 69709], [4, 75028], [4, 74639], [4, 76202], [2, 7747982], [2, 9106306], [2, 1638151], [2, 697762], [-1, 1.8446744073709552e+19], [-1, 1.8446744073709552e+19]]]}
