{"memoryMap": [["kernelbase.pdb", "85E54A5D25A840419060B55B11D47ECF2"], ["user32.pdb", "7D7415B5B944494F8047C1BDB9B354612"], ["xul.pdb", "F6A89660AF084CB2AFED7753C75BBEAC2"]], "version": 4, "stacks": [[[0, 5101], [1, 12528], [1, 12740], [2, 10392455], [2, 4172799], [2, 14178969], [2, 15452869], [2, 15466620], [2, 15466169], [2, 2336152], [2, 2325151], [2, 690229], [2, 2489544], [-1, 1.8446744073709552e+19], [-1, 1.8446744073709552e+19]]]}
