{"memoryMap": [["kernelbase.pdb", "6460A80BDC6D4FFD9CB5764333CE3ED92"], ["kernel32.pdb", "C261FE2F45A547E98A675FB68738CBA42"], ["user32.pdb", "270F670F42E94EEC8208EA4E019CDFE42"], ["xul.pdb", "F6A89660AF084CB2AFED7753C75BBEAC2"]], "version": 4, "stacks": [[[0, 5152], [1, 137043], [2, 102333], [2, 90830], [2, 90880], [3, 10392455], [3, 4172799], [3, 14178969], [3, 15452869], [3, 15466620], [3, 15466169], [3, 2336152], [3, 2325151], [3, 690229], [3, 2489544], [-1, 1.8446744073709552e+19], [-1, 1.8446744073709552e+19]]]}
