{"memoryMap": [["xul.pdb", "FFD35FCD264541139AFE5477CF4C3FDD2"], ["kernelbase.pdb", "54986B07F81946D6B8FCFC40D628DEE01"], ["nss3.pdb", "37E33AFBB9B34C57A32C72C99CB87F242"]], "version": 4, "stacks": [[[0, 765033], [1, 96294], [2, 509572], [0, 1472110], [0, 12063933], [0, 9158978], [0, 1750935], [0, 1749624], [-1, 1.8446744073709552e+19], [-1, 1.8446744073709552e+19]]]}
