{"memoryMap": [["kernelbase.pdb", "54986B07F81946D6B8FCFC40D628DEE01"], ["user32.pdb", "27AC3870843A49558959446A7EE7C93E1"], ["xul.pdb", "F6A89660AF084CB2AFED7753C75BBEAC2"]], "version": 4, "stacks": [[[0, 312015], [1, 146168], [2, 10392455], [2, 4172799], [2, 14170425], [2, 15452045], [2, 15457833], [2, 15457081], [2, 2487031], [2, 2254547], [2, 2321042], [2, 2327708], [2, 689777], [2, 2487031], [2, 2254547], [2, 1527497], [-1, 1.8446744073709552e+19], [-1, 1.8446744073709552e+19]]]}
