{"memoryMap": [["kernelbase.pdb", "54986B07F81946D6B8FCFC40D628DEE01"], ["xul.pdb", "F6A89660AF084CB2AFED7753C75BBEAC2"]], "version": 4, "stacks": [[[0, 387207], [1, 8748898], [1, 3905879], [1, 1142049], [1, 13828977], [1, 4172697], [1, 14178969], [1, 15452869], [1, 15466620], [1, 15466169], [1, 2336152], [1, 2325151], [1, 690229], [1, 2489544], [-1, 1.8446744073709552e+19], [-1, 1.8446744073709552e+19]]]}
