{"memoryMap": [["kernelbase.pdb", "54986B07F81946D6B8FCFC40D628DEE01"], ["xul.pdb", "BD90DC4C2F6F42808EE11B1D8C08C7942"]], "version": 4, "stacks": [[[0, 188370], [0, 186166], [0, 190060], [1, 4481452], [1, 4480814], [1, 4474194], [1, 6451624], [1, 8816306], [1, 707047], [1, 722430], [1, 1057751], [1, 1115542], [1, 9483691], [1, 1058126], [1, 1697714], [1, 1058721], [1, 1278689], [-1, 1.8446744073709552e+19], [-1, 1.8446744073709552e+19]]]}
