{"memoryMap": [["ntdll.pdb", "6B74B4B276544D83AB50D24E54AF3ACF2"], ["kernel32.pdb", "16B043D3B6DB4DB4A41CB94A43CE0D492"], ["mozglue.pdb", "C661808BA8C743B1851469A2EBE5696A2"], ["xul.pdb", "A0F1DD6A16A9441B93D193A672114B342"]], "version": 4, "stacks": [[[0, 786388], [1, 308984], [2, 38286], [3, 8115825], [3, 4011870], [3, 1805611], [3, 4264941], [3, 4263367], [3, 1624206], [3, 3713785], [-1, 1.8446744073709552e+19], [-1, 1.8446744073709552e+19]]]}
