{"memoryMap": [["xul.pdb", "6A08F13CCDA6432E9661767D9BC395E42"]], "version": 4, "stacks": [[[0, 1402724], [0, 1402573], [0, 1585951], [0, 3147677], [0, 3141242], [0, 3141094], [0, 1515819], [0, 1510402], [0, 1508365], [0, 1181554], [0, 3173010], [0, 996700], [0, 1364845], [0, 1184516], [0, 3172420], [-1, 1.8446744073709552e+19], [-1, 1.8446744073709552e+19]]]}
