{"memoryMap": [["dbghelp.pdb", "094E015761DA454EB641C2328520CD6F2"], ["xul.pdb", "58D8DF083F054661B04E500D5BB27AA72"]], "version": 4, "stacks": [[[0, 210582], [0, 218715], [0, 203813], [0, 205113], [1, 36298000], [1, 36296950], [1, 36272004], [1, 25677183], [1, 25730388], [1, 25714398], [1, 3655575], [1, 4545647], [1, 2576132], [1, 9132706], [1, 1308615], [1, 2638244], [-1, 1.8446744073709552e+19], [-1, 1.8446744073709552e+19]]]}
