{"memoryMap": [["xul.pdb", "70B91A54533049C18CB477B607E1F7D72"]], "version": 4, "stacks": [[[0, 1793931], [0, 1793536], [0, 1793385], [0, 13806127], [0, 15424093], [0, 15412766], [0, 15412549], [0, 996833], [0, 989599], [0, 2651533], [0, 980484], [-1, 1.8446744073709552e+19], [-1, 1.8446744073709552e+19]]]}
