{"memoryMap": [["xul.pdb", "70B91A54533049C18CB477B607E1F7D72"]], "version": 4, "stacks": [[[0, 5243802], [0, 3802671], [0, 1413205], [0, 6683686], [0, 2479746], [0, 3808293], [-1, 1.8446744073709552e+19], [-1, 1.8446744073709552e+19]]]}
