{"memoryMap": [["kernelbase.pdb", "54986B07F81946D6B8FCFC40D628DEE01"], ["kernel32.pdb", "4FA6ED6A61A94BF0AB628CF4D1C518CB1"], ["xul.pdb", "6A08F13CCDA6432E9661767D9BC395E42"], ["shcore.pdb", "BE0199B0486445ABAEA1EB4018918C261"], ["Windows.Storage.pdb", "7F3004384B89424AB670E8930E5DFA2E1"]], "version": 4, "stacks": [[[0, 165438], [0, 163244], [1, 90026], [2, 7996050], [2, 4160074], [2, 7814011], [2, 7813622], [2, 4158623], [2, 4158337], [2, 4158060], [2, 8050211], [0, 441164], [3, 69565], [3, 69709], [4, 264400], [4, 264583], [4, 266010], [2, 8425618], [2, 8785538], [2, 977027], [2, 987878], [-1, 1.8446744073709552e+19], [-1, 1.8446744073709552e+19]]]}
