{"memoryMap": [["xul.pdb", "F6A89660AF084CB2AFED7753C75BBEAC2"], ["kernelbase.pdb", "2797F41DA1EB4D39A25C73C95BC7C7901"]], "version": 4, "stacks": [[[0, 7267768], [1, 164293], [0, 1096021], [0, 1095806], [0, 4718740], [0, 6333908], [0, 4709674], [0, 8843314], [0, 916439], [0, 913514], [0, 2253808], [0, 1527497], [-1, 1.8446744073709552e+19], [-1, 1.8446744073709552e+19], [-1, 1.8446744073709552e+19]]]}
