{"memoryMap": [["kernelbase.pdb", "A0DE635BD84C4850B0355973EC7F00831"], ["kernel32.pdb", "C9590ED0315E454C8CCA1D94EAEF1D911"], ["nss3.pdb", "2954AB2C6AAD44B3BA97F3A7C3F0F7152"], ["xul.pdb", "F6A89660AF084CB2AFED7753C75BBEAC2"]], "version": 4, "stacks": [[[0, 614179], [0, 795344], [1, 275744], [-1, 1.8446744073709552e+19], [-1, 1.8446744073709552e+19], [-1, 1.8446744073709552e+19], [-1, 1.8446744073709552e+19], [-1, 1.8446744073709552e+19], [-1, 1.8446744073709552e+19], [-1, 1.8446744073709552e+19], [-1, 1.8446744073709552e+19], [-1, 1.8446744073709552e+19], [-1, 1.8446744073709552e+19], [-1, 1.8446744073709552e+19], [2, 889800], [2, 888535], [2, 822641], [2, 893860], [2, 894257], [2, 894109], [3, 35186255], [3, 8843314], [3, 916439], [3, 913514], [3, 2253808]]]}
