{"memoryMap": [["kernelbase.pdb", "54986B07F81946D6B8FCFC40D628DEE01"], ["user32.pdb", "27AC3870843A49558959446A7EE7C93E1"], ["xul.pdb", "BD90DC4C2F6F42808EE11B1D8C08C7942"]], "version": 4, "stacks": [[[0, 312015], [1, 146168], [2, 11501467], [2, 6002331], [2, 14246533], [2, 15424625], [2, 15438448], [2, 15437997], [2, 1648650], [2, 1642967], [2, 2484941], [2, 6595364], [-1, 1.8446744073709552e+19], [-1, 1.8446744073709552e+19]]]}
