{"memoryMap": [["kernelbase.pdb", "64DCF0F0326E4AD7A4397D79BA8A9BEE2"], ["shell32.pdb", "78A45D7AB8074649B7C483E2A7EBA4D82"], ["xul.pdb", "BD90DC4C2F6F42808EE11B1D8C08C7942"]], "version": 4, "stacks": [[[0, 43961], [0, 298164], [0, 295607], [1, 509019], [1, 508634], [2, 7077178], [2, 8816306], [2, 707047], [2, 722430], [-1, 1.8446744073709552e+19], [-1, 1.8446744073709552e+19]]]}
