{"memoryMap": [["dbgcore.pdb", "CFA3FE44AB824F4A923B4150832C2A9C1"], ["xul.pdb", "F6A89660AF084CB2AFED7753C75BBEAC2"]], "version": 4, "stacks": [[[0, 31379], [0, 37212], [0, 45801], [0, 23985], [0, 26579], [1, 36245000], [1, 36243950], [1, 36219260], [1, 25589891], [1, 25643512], [1, 25627098], [1, 1058402], [1, 7505572], [1, 3898039], [1, 3896666], [1, 10334247], [1, 26534183], [1, 10515313], [1, 2409511], [-1, 1.8446744073709552e+19], [-1, 1.8446744073709552e+19]]]}
