{"memoryMap": [["xul.pdb", "6A08F13CCDA6432E9661767D9BC395E42"], ["kernelbase.pdb", "54986B07F81946D6B8FCFC40D628DEE01"], ["Windows.Storage.pdb", "7F3004384B89424AB670E8930E5DFA2E1"]], "version": 4, "stacks": [[[0, 4157261], [1, 386124], [2, 941352], [2, 263811], [2, 264564], [2, 266010], [0, 8425618], [0, 8785538], [0, 977027], [0, 987878], [-1, 1.8446744073709552e+19], [-1, 1.8446744073709552e+19]]]}
