{"memoryMap": [["kernelbase.pdb", "85E54A5D25A840419060B55B11D47ECF2"], ["nss3.pdb", "DE7A703FD2BF4FC08E4EF6ACABDC49A92"], ["xul.pdb", "F094D186ECDA498DAB7D715EAFDD67462"]], "version": 4, "stacks": [[[0, 5339], [1, 553252], [1, 510189], [2, 5285358], [2, 3857156], [2, 8865874], [2, 764919], [2, 1765582], [2, 1787938], [2, 1837846], [2, 9537227], [2, 1788283], [2, 1993970], [2, 1788906], [2, 2747985], [-1, 1.8446744073709552e+19], [-1, 1.8446744073709552e+19]]]}
