{"memoryMap": [["kernelbase.pdb", "A0DE635BD84C4850B0355973EC7F00831"], ["nss3.pdb", "40AAB2ED75DB4ADDAC927B1B44297F432"], ["xul.pdb", "69940B11ED88456098B215451D8E06792"]], "version": 4, "stacks": [[[0, 109279], [1, 551813], [1, 604740], [1, 605121], [2, 3515768], [2, 24898315], [2, 24911565], [2, 24912513], [2, 24910445], [2, 24910284], [2, 20043399], [2, 1149365], [2, 1183353], [2, 9840843], [2, 1148193], [2, 1849905], [-1, 1.8446744073709552e+19], [-1, 1.8446744073709552e+19]]]}
