{"memoryMap": [["xul.pdb", "FC3C8AC12F6D4D2FA8420D540DCABE722"]], "version": 4, "stacks": [[[0, 3567574], [0, 4157275], [0, 3575596], [0, 4723350], [0, 4728543], [0, 4724608], [0, 4166175], [0, 10275028], [0, 3619960], [0, 3618081], [0, 3612719], [0, 3610122], [0, 739347], [0, 735023], [0, 2351546], [0, 669428], [0, 2428033], [-1, 1.8446744073709552e+19], [-1, 1.8446744073709552e+19]]]}
