{"memoryMap": [["ntdll.pdb", "309B7D2A275C49A1917EC6033A73D0ED1"], ["wininet.pdb", "E501142E697A4BC5A607B6A5CC9265FF2"], ["xul.pdb", "973108322CE64256A964E1691A495FD12"]], "version": 4, "stacks": [[[0, 253369], [0, 243588], [1, 5453], [1, 246315], [2, 4557498], [2, 4557318], [2, 12190690], [2, 12190433], [2, 11499220], [2, 3512942], [2, 2386324], [2, 13733495], [2, 3582299], [2, 8876258], [2, 1355459], [2, 1422598], [-1, 1.8446744073709552e+19], [-1, 1.8446744073709552e+19]]]}
