{"memoryMap": [["ntdll.pdb", "D1E4E60E3CCF4933875C04D1A21456D12"], ["kernel32.pdb", "76F058C74D96403B82D19D3847E4BE682"], ["mozglue.pdb", "4DE8BBFEEEF54466991F0D0DF6C9AB832"], ["xul.pdb", "70B91A54533049C18CB477B607E1F7D72"]], "version": 4, "stacks": [[[0, 786772], [1, 308984], [2, 38346], [3, 11359191], [3, 5244075], [3, 3802671], [3, 1413205], [3, 1410914], [3, 9919100], [3, 3808293], [-1, 1.8446744073709552e+19], [-1, 1.8446744073709552e+19]]]}
