{"memoryMap": [["xul.pdb", "44FD7F731D844E5FA4865872A01063E42"]], "version": 4, "stacks": [[[0, 4659274], [0, 2441091], [0, 5320436], [0, 5328066], [0, 9651523], [0, 953537], [0, 1794571], [0, 949682], [0, 955783], [0, 821651], [0, 920815], [0, 1521248], [0, 783681], [-1, 1.8446744073709552e+19], [-1, 1.8446744073709552e+19]]]}
