{"memoryMap": [["kernelbase.pdb", "4A907B261B6F48029CCA866C3AA4BCBC2"], ["user32.pdb", "8B5DF514DE1C4447A64447B6034A01972"], ["xul.pdb", "F6A89660AF084CB2AFED7753C75BBEAC2"]], "version": 4, "stacks": [[[0, 5101], [1, 12544], [1, 12756], [2, 10392455], [2, 4172799], [2, 14178969], [2, 15452869], [2, 15466620], [2, 15466169], [2, 2336152], [2, 2325151], [2, 690229], [2, 2489544], [-1, 1.8446744073709552e+19], [-1, 1.8446744073709552e+19]]]}
