{"memoryMap": [["xul.pdb", "A0F1DD6A16A9441B93D193A672114B342"]], "version": 4, "stacks": [[[0, 4011597], [0, 1805611], [0, 4264941], [0, 4263367], [0, 1624206], [0, 656220], [0, 2424726], [-1, 1.8446744073709552e+19], [-1, 1.8446744073709552e+19]]]}
