{"memoryMap": [["kernelbase.pdb", "54986B07F81946D6B8FCFC40D628DEE01"], ["nss3.pdb", "40AAB2ED75DB4ADDAC927B1B44297F432"], ["xul.pdb", "69940B11ED88456098B215451D8E06792"]], "version": 4, "stacks": [[[0, 95743], [1, 551813], [1, 604740], [1, 605121], [2, 3515768], [2, 8846609], [2, 8846459], [2, 36147624], [2, 36143179], [2, 3019711], [2, 4603468], [2, 4602587], [2, 4602057], [2, 4601962], [2, 2617320], [2, 9170674], [2, 1059383], [2, 1070138], [-1, 1.8446744073709552e+19], [-1, 1.8446744073709552e+19]]]}
