{"memoryMap": [["nss3.pdb", "2954AB2C6AAD44B3BA97F3A7C3F0F7152"], ["xul.pdb", "F6A89660AF084CB2AFED7753C75BBEAC2"]], "version": 4, "stacks": [[[0, 849923], [0, 789655], [0, 787604], [0, 695982], [1, 4754895], [1, 8843314], [1, 916439], [1, 913514], [1, 2253808], [1, 6104380], [-1, 1.8446744073709552e+19], [-1, 1.8446744073709552e+19]]]}
