{"memoryMap": [["xul.pdb", "F6A89660AF084CB2AFED7753C75BBEAC2"]], "version": 4, "stacks": [[[0, 1666830], [0, 1676787], [0, 4620336], [0, 4617783], [0, 10383226], [0, 3901764], [0, 6275691], [0, 6275388], [0, 8843401], [0, 8843314], [0, 916439], [0, 913514], [-1, 1.8446744073709552e+19], [-1, 1.8446744073709552e+19]]]}
