{"memoryMap": [["kernelbase.pdb", "96942B4FDFA145B19AB577C4F4EF60F42"], ["kernel32.pdb", "086A16B1023D447A812BC66919A26FF12"], ["linkinfo.pdb", "C2631C18996D4B16808FCDA4D9B0AE982"], ["shell32.pdb", "6B9BE3BB1D0E40C495BB6DE02B50BEA22"], ["xul.pdb", "F6A89660AF084CB2AFED7753C75BBEAC2"]], "version": 4, "stacks": [[[0, 80102], [0, 79786], [1, 134069], [2, 7927], [2, 6737], [2, 6637], [2, 6519], [3, 1079984], [3, 1079447], [3, 927799], [4, 5355037], [4, 5353935], [4, 8843314], [4, 916439], [4, 913514], [-1, 1.8446744073709552e+19], [-1, 1.8446744073709552e+19]]]}
