{"memoryMap": [["xul.pdb", "BD90DC4C2F6F42808EE11B1D8C08C7942"]], "version": 4, "stacks": [[[0, 811873], [0, 811528], [0, 810406], [0, 809952], [0, 944188], [0, 948256], [0, 948655], [0, 949545], [0, 2278249], [0, 3576044], [0, 2892375], [-1, 1.8446744073709552e+19], [-1, 1.8446744073709552e+19]]]}
