{"memoryMap": [["xul.pdb", "FC3C8AC12F6D4D2FA8420D540DCABE722"]], "version": 4, "stacks": [[[0, 11577675], [0, 662214], [0, 661554], [0, 667495], [0, 1394249], [0, 2890257], [0, 35910995], [0, 10539976], [0, 4706761], [0, 4706529], [0, 669428], [0, 2317736], [-1, 1.8446744073709552e+19], [-1, 1.8446744073709552e+19]]]}
