{"memoryMap": [["xul.pdb", "F094D186ECDA498DAB7D715EAFDD67462"]], "version": 4, "stacks": [[[0, 11647627], [0, 1799830], [0, 1799170], [0, 1793959], [0, 4744081], [0, 770820], [0, 767311], [0, 1765582], [-1, 1.8446744073709552e+19], [-1, 1.8446744073709552e+19]]]}
