{"memoryMap": [["xul.pdb", "6A08F13CCDA6432E9661767D9BC395E42"]], "version": 4, "stacks": [[[0, 914288], [0, 731936], [0, 731498], [-1, 1.8446744073709552e+19], [-1, 1.8446744073709552e+19]]]}
