{"memoryMap": [["kernelbase.pdb", "9AEB75D28EF0470FA58B7785D6CE60FD2"], ["shell32.pdb", "7F7459447BE7487BB0EDF61522C5FBC82"], ["xul.pdb", "0F1E0A64AA1E4D7AB494BDC842ACD1582"]], "version": 4, "stacks": [[[0, 171385], [0, 170343], [1, 92363], [1, 91978], [2, 7303574], [2, 9069058], [2, 755199], [2, 732058], [2, 1162610], [2, 1191838], [2, 9736379], [2, 1162955], [2, 1648974], [-1, 1.8446744073709552e+19], [-1, 1.8446744073709552e+19]]]}
