{"memoryMap": [["kernelbase.pdb", "FF31C2F3216C4621A7F009584AC0D68F2"], ["kernel32.pdb", "7FBE5C47FC104C35925D71D76A8D46602"], ["user32.pdb", "953B04792B8A48B2883930E36FD22A6A2"], ["xul.pdb", "F6A89660AF084CB2AFED7753C75BBEAC2"]], "version": 4, "stacks": [[[0, 5152], [1, 142675], [2, 102269], [2, 90802], [2, 90848], [3, 10392455], [3, 4172799], [3, 14178969], [3, 15452869], [3, 15466620], [3, 15466169], [3, 2336152], [3, 2325151], [3, 690229], [3, 2489544], [-1, 1.8446744073709552e+19], [-1, 1.8446744073709552e+19]]]}
