{"memoryMap": [["kernelbase.pdb", "1A3E3EC205D14366A7BE7F1E6019382D2"], ["kernel32.pdb", "D5E268B5DD1048A1BFB011C744DD3DFA2"], ["user32.pdb", "15F778B3671D4EFDBDCDE79905308B792"], ["xul.pdb", "6A08F13CCDA6432E9661767D9BC395E42"]], "version": 4, "stacks": [[[0, 5030], [1, 143683], [2, 113725], [2, 102490], [2, 100480], [3, 10872093], [3, 5907863], [3, 14210581], [3, 15389989], [3, 15403788], [3, 15403337], [3, 1000707], [3, 994979], [3, 1368753], [3, 988968], [-1, 1.8446744073709552e+19], [-1, 1.8446744073709552e+19]]]}
