{"memoryMap": [["xul.pdb", "F6A89660AF084CB2AFED7753C75BBEAC2"]], "version": 4, "stacks": [[[0, 1578554], [0, 677953], [0, 5901986], [0, 1682408], [0, 1666830], [0, 1676787], [0, 4620336], [0, 4617783], [0, 2546482], [0, 2526097], [0, 846370], [0, 846084], [0, 2330889], [0, 2326827], [0, 2329783], [0, 2325189], [0, 6824204], [-1, 1.8446744073709552e+19], [-1, 1.8446744073709552e+19]]]}
