{"memoryMap": [["kernelbase.pdb", "14427F6B84744D9FBAD17E2CF8E3AD8B1"], ["user32.pdb", "1FB02583758E4C3EB3740E7A0FDD50411"], ["xul.pdb", "F094D186ECDA498DAB7D715EAFDD67462"]], "version": 4, "stacks": [[[0, 312015], [1, 146168], [2, 11531659], [2, 5370155], [2, 14258101], [2, 15432973], [2, 15446772], [2, 15446321], [2, 1769507], [2, 1770991], [2, 2491017], [2, 1766728], [-1, 1.8446744073709552e+19], [-1, 1.8446744073709552e+19]]]}
