{"memoryMap": [["xul.pdb", "F6A89660AF084CB2AFED7753C75BBEAC2"], ["kernelbase.pdb", "54986B07F81946D6B8FCFC40D628DEE01"], ["shcore.pdb", "BE0199B0486445ABAEA1EB4018918C261"], ["Windows.Storage.pdb", "7F3004384B89424AB670E8930E5DFA2E1"]], "version": 4, "stacks": [[[0, 736073], [1, 187167], [1, 186358], [2, 68110], [2, 76963], [2, 65643], [3, 264197], [3, 264583], [3, 266010], [0, 7003066], [0, 8843314], [0, 916439], [0, 913514], [0, 2253808], [0, 2359298], [0, 9511627], [0, 2254160], [0, 1527497], [-1, 1.8446744073709552e+19], [-1, 1.8446744073709552e+19], [-1, 1.8446744073709552e+19]]]}
