{"memoryMap": [["xul.pdb", "FC3C8AC12F6D4D2FA8420D540DCABE722"]], "version": 4, "stacks": [[[0, 2291271], [0, 8684056], [0, 8792770], [0, 735090], [0, 2351546], [-1, 1.8446744073709552e+19], [-1, 1.8446744073709552e+19]]]}
