{"memoryMap": [["kernelbase.pdb", "F7250D5324E4906F74A0A73B3871042C1"], ["Windows.Storage.pdb", "13CB837DF51BB1CDB73D06CDCC8ED5271"], ["xul.pdb", "BD90DC4C2F6F42808EE11B1D8C08C7942"]], "version": 4, "stacks": [[[0, 153150], [0, 311675], [1, 76495], [1, 79146], [2, 7077178], [2, 8816306], [2, 707047], [2, 722430], [2, 1057751], [2, 1115542], [2, 9483691], [2, 1058126], [2, 1278689], [-1, 1.8446744073709552e+19], [-1, 1.8446744073709552e+19], [-1, 1.8446744073709552e+19]]]}
