{"memoryMap": [["kernelbase.pdb", "54986B07F81946D6B8FCFC40D628DEE01"], ["user32.pdb", "27AC3870843A49558959446A7EE7C93E1"], ["xul.pdb", "2DEE45231F4B496D80F1E521C8987C772"]], "version": 4, "stacks": [[[0, 312015], [1, 146168], [2, 11548281], [2, 6371827], [2, 14264681], [2, 15446221], [2, 15460104], [2, 15459653], [2, 1220639], [2, 1137970], [2, 1656445], [2, 1220000], [-1, 1.8446744073709552e+19], [-1, 1.8446744073709552e+19]]]}
