{"memoryMap": [["kernelbase.pdb", "3F1EE0A9E0A7891C52817A411C9088631"], ["user32.pdb", "3D517BD09EE4874E2ACE4908CF9AF42E1"], ["xul.pdb", "973108322CE64256A964E1691A495FD12"]], "version": 4, "stacks": [[[0, 318752], [1, 129440], [2, 11609553], [2, 6554295], [2, 14253625], [2, 15532481], [2, 15538417], [2, 15537665], [2, 6170075], [2, 1957487], [2, 3074082], [2, 1390700], [2, 6170189], [2, 6170075], [2, 1957487], [2, 917945], [-1, 1.8446744073709552e+19], [-1, 1.8446744073709552e+19]]]}
