{"memoryMap": [["xul.pdb", "FC3C8AC12F6D4D2FA8420D540DCABE722"]], "version": 4, "stacks": [[[0, 1896039], [-1, 1.8446744073709552e+19], [-1, 1.8446744073709552e+19]]]}
