{"memoryMap": [["xul.pdb", "44FD7F731D844E5FA4865872A01063E42"]], "version": 4, "stacks": [[[0, 2941946], [0, 711350], [0, 2479845], [0, 8478266], [-1, 1.8446744073709552e+19], [-1, 1.8446744073709552e+19]]]}
