{"memoryMap": [["kernelbase.pdb", "54986B07F81946D6B8FCFC40D628DEE01"], ["Windows.Storage.pdb", "7F3004384B89424AB670E8930E5DFA2E1"], ["xul.pdb", "70B91A54533049C18CB477B607E1F7D72"]], "version": 4, "stacks": [[[0, 360232], [0, 359463], [1, 264639], [1, 266010], [2, 2843034], [2, 8802818], [2, 1831735], [2, 1850470], [2, 932007], [2, 1020536], [2, 9471787], [2, 932351], [2, 1245453], [-1, 1.8446744073709552e+19], [-1, 1.8446744073709552e+19]]]}
