{"memoryMap": [["xul.pdb", "BD90DC4C2F6F42808EE11B1D8C08C7942"], ["kernelbase.pdb", "2797F41DA1EB4D39A25C73C95BC7C7901"], ["shcore.pdb", "1375C24C4D13484FB31C5B2E9E690F321"], ["Windows.Storage.pdb", "6F090A0BB39C46E5B507A7CE4E6542601"]], "version": 4, "stacks": [[[0, 8037259], [1, 441164], [2, 69565], [2, 69709], [3, 75028], [3, 74639], [3, 76202], [0, 7077178], [0, 8816306], [0, 707047], [0, 722430], [0, 1057751], [0, 1115542], [0, 9483691], [0, 1058126], [0, 1278689], [-1, 1.8446744073709552e+19], [-1, 1.8446744073709552e+19], [-1, 1.8446744073709552e+19]]]}
