{"memoryMap": [["xul.pdb", "F094D186ECDA498DAB7D715EAFDD67462"]], "version": 4, "stacks": [[[0, 6610042], [0, 1803847], [0, 1807188], [0, 1801617], [0, 1799958], [0, 1497653], [0, 1496823], [0, 1495065], [0, 1488432], [0, 1365440], [0, 1368259], [-1, 1.8446744073709552e+19], [-1, 1.8446744073709552e+19]]]}
