{"memoryMap": [["kernelbase.pdb", "54986B07F81946D6B8FCFC40D628DEE01"], ["Windows.Storage.pdb", "7F3004384B89424AB670E8930E5DFA2E1"], ["xul.pdb", "F6A89660AF084CB2AFED7753C75BBEAC2"]], "version": 4, "stacks": [[[0, 360232], [0, 359463], [1, 264639], [1, 266010], [2, 7003066], [2, 8843314], [2, 916439], [2, 913514], [2, 2253808], [2, 1527497], [-1, 1.8446744073709552e+19], [-1, 1.8446744073709552e+19]]]}
