{"memoryMap": [["kernelbase.pdb", "FF31C2F3216C4621A7F009584AC0D68F2"], ["nss3.pdb", "DE7A703FD2BF4FC08E4EF6ACABDC49A92"], ["xul.pdb", "F094D186ECDA498DAB7D715EAFDD67462"]], "version": 4, "stacks": [[[0, 4268], [1, 551813], [1, 604740], [1, 605121], [2, 2423292], [2, 13748966], [2, 25326446], [2, 25289871], [2, 25081711], [2, 25081292], [2, 25106439], [2, 25105020], [2, 8865874], [2, 764919], [2, 1765582], [2, 1787938], [2, 1837846], [2, 9537227], [2, 1788283], [2, 1993970], [2, 1788906], [2, 2747985], [-1, 1.8446744073709552e+19], [-1, 1.8446744073709552e+19]]]}
