{"memoryMap": [["xul.pdb", "C110DFB6FB6F4481863598CE3A19BC5A2"]], "version": 4, "stacks": [[[0, 3445435], [0, 3442418], [0, 1429663], [-1, 1.8446744073709552e+19], [-1, 1.8446744073709552e+19]]]}
