{"memoryMap": [["kernelbase.pdb", "6460A80BDC6D4FFD9CB5764333CE3ED92"], ["kernel32.pdb", "C261FE2F45A547E98A675FB68738CBA42"], ["user32.pdb", "270F670F42E94EEC8208EA4E019CDFE42"], ["xul.pdb", "70B91A54533049C18CB477B607E1F7D72"]], "version": 4, "stacks": [[[0, 5152], [1, 137043], [2, 102333], [2, 90830], [2, 90880], [3, 10347949], [3, 3926027], [3, 14123081], [3, 15399133], [3, 15413000], [3, 15412549], [3, 996833], [3, 989599], [3, 2651533], [3, 6189164], [-1, 1.8446744073709552e+19], [-1, 1.8446744073709552e+19]]]}
