{"memoryMap": [["ntdll.pdb", "4E0AC1E0213F4DB5BE3D07B0A54565C01"], ["nss3.pdb", "24B1E31580E649E7BF1732DA9A2AC07E2"], ["xul.pdb", "FC3C8AC12F6D4D2FA8420D540DCABE722"]], "version": 4, "stacks": [[[0, 195207], [0, 194958], [0, 194591], [0, 199908], [0, 199696], [1, 139695], [1, 140170], [2, 3491732], [2, 35513422], [2, 35522748], [2, 8792770], [2, 735090], [2, 2351546], [2, 669428], [2, 1511096], [2, 9461803], [2, 669818], [2, 611178], [2, 2520911], [-1, 1.8446744073709552e+19], [-1, 1.8446744073709552e+19]]]}
