{"memoryMap": [["xul.pdb", "F6A89660AF084CB2AFED7753C75BBEAC2"]], "version": 4, "stacks": [[[0, 1006101], [0, 1620495], [0, 1619832], [0, 2984716], [0, 1664820], [0, 1667006], [0, 1676787], [0, 4620336], [0, 4617783], [0, 2546482], [0, 2534468], [0, 2263413], [0, 4112130], [0, 4111615], [0, 4111531], [0, 895607], [0, 1004495], [0, 2623694], [0, 2645930], [-1, 1.8446744073709552e+19], [-1, 1.8446744073709552e+19]]]}
