{"memoryMap": [["xul.pdb", "70B91A54533049C18CB477B607E1F7D72"]], "version": 4, "stacks": [[[0, 1632019], [0, 1623996], [0, 1619464], [0, 2506552], [0, 5773466], [0, 5773108], [0, 8802818], [0, 1831735], [0, 1850470], [0, 932007], [0, 1245453], [-1, 1.8446744073709552e+19], [-1, 1.8446744073709552e+19]]]}
