{"memoryMap": [["kernelbase.pdb", "2797F41DA1EB4D39A25C73C95BC7C7901"], ["user32.pdb", "27AC3870843A49558959446A7EE7C93E1"], ["xul.pdb", "44FD7F731D844E5FA4865872A01063E42"]], "version": 4, "stacks": [[[0, 312015], [1, 146168], [2, 10297407], [2, 3403907], [2, 14221885], [2, 15444209], [2, 15458148], [2, 15457697], [2, 820635], [2, 742370], [2, 2270789], [2, 2263584], [-1, 1.8446744073709552e+19], [-1, 1.8446744073709552e+19]]]}
