{"memoryMap": [["xul.pdb", "69940B11ED88456098B215451D8E06792"]], "version": 4, "stacks": [[[0, 5005142], [0, 1652403], [0, 4899585], [0, 4901994], [0, 10116058], [0, 1638228], [0, 1056401], [0, 1616444], [0, 1566999], [0, 1065127], [0, 1059303], [0, 1070138], [0, 1147801], [0, 1849905], [-1, 1.8446744073709552e+19], [-1, 1.8446744073709552e+19]]]}
