{"memoryMap": [["xul.pdb", "F094D186ECDA498DAB7D715EAFDD67462"]], "version": 4, "stacks": [[[0, 1259916], [0, 1291579], [0, 1289687], [0, 767925], [0, 1765582], [0, 1787938], [0, 2747985], [-1, 1.8446744073709552e+19], [-1, 1.8446744073709552e+19]]]}
