{"memoryMap": [["kernelbase.pdb", "54986B07F81946D6B8FCFC40D628DEE01"], ["linkinfo.pdb", "9656BB08CF134E0985FCC441CDB538B31"], ["Windows.Storage.pdb", "7F3004384B89424AB670E8930E5DFA2E1"], ["xul.pdb", "6A08F13CCDA6432E9661767D9BC395E42"]], "version": 4, "stacks": [[[0, 43256], [1, 4870], [1, 4543], [2, 1052239], [2, 1051321], [2, 95357], [3, 6490701], [3, 6489599], [3, 8785538], [3, 977027], [3, 987878], [3, 1181554], [3, 1231088], [3, 9456795], [3, 1181899], [3, 681777], [-1, 1.8446744073709552e+19], [-1, 1.8446744073709552e+19]]]}
