{"memoryMap": [["xul.pdb", "F094D186ECDA498DAB7D715EAFDD67462"]], "version": 4, "stacks": [[[0, 11647407], [0, 1478547], [0, 2700848], [0, 1369676], [-1, 1.8446744073709552e+19], [-1, 1.8446744073709552e+19]]]}
