{"memoryMap": [["xul.pdb", "70B91A54533049C18CB477B607E1F7D72"], ["kernelbase.pdb", "14427F6B84744D9FBAD17E2CF8E3AD8B1"]], "version": 4, "stacks": [[[0, 3446845], [1, 187167], [1, 186358], [0, 2997334], [0, 2997107], [0, 2997025], [0, 2996936], [0, 2996694], [0, 8802818], [0, 1831735], [0, 1850470], [0, 932007], [0, 1020536], [0, 9471787], [0, 932351], [0, 1245453], [-1, 1.8446744073709552e+19], [-1, 1.8446744073709552e+19]]]}
