{"memoryMap": [["xul.pdb", "BD90DC4C2F6F42808EE11B1D8C08C7942"]], "version": 4, "stacks": [[[0, 34861082], [0, 34844257], [0, 34848835], [0, 34847907], [0, 34848711], [0, 8816306], [0, 707047], [0, 722430], [0, 1057751], [0, 1115542], [0, 9483691], [0, 1058126], [0, 1697714], [0, 1058721], [0, 1278689], [-1, 1.8446744073709552e+19], [-1, 1.8446744073709552e+19]]]}
