{"memoryMap": [["xul.pdb", "6A08F13CCDA6432E9661767D9BC395E42"]], "version": 4, "stacks": [[[0, 2322778], [0, 917410], [0, 3183325], [-1, 1.8446744073709552e+19], [-1, 1.8446744073709552e+19]]]}
