{"memoryMap": [["xul.pdb", "E78589B7386D4C5D940E17AC2824EC9E2"]], "version": 4, "stacks": [[[0, 1492454], [0, 1492136], [0, 1491926], [0, 1475565], [0, 2836181], [0, 9740808], [0, 853755], [0, 1717651], [0, 9741275], [0, 853755], [0, 1775538], [-1, 1.8446744073709552e+19], [-1, 1.8446744073709552e+19]]]}
