{"memoryMap": [["xul.pdb", "F6A89660AF084CB2AFED7753C75BBEAC2"], ["kernelbase.pdb", "54986B07F81946D6B8FCFC40D628DEE01"]], "version": 4, "stacks": [[[0, 7267768], [1, 164293], [0, 1096021], [0, 1095806], [0, 4718740], [0, 8843314], [0, 916439], [0, 913514], [-1, 1.8446744073709552e+19], [-1, 1.8446744073709552e+19]]]}
