{"memoryMap": [["xul.pdb", "2DEE45231F4B496D80F1E521C8987C772"]], "version": 4, "stacks": [[[0, 1862572], [0, 1862099], [0, 1140869], [0, 1143877], [0, 1140021], [0, 1220639], [0, 1830911], [0, 4601842], [0, 4603180], [-1, 1.8446744073709552e+19], [-1, 1.8446744073709552e+19]]]}
