{"memoryMap": [["xul.pdb", "D182C80F4F5E4ED49F50796BE713C7872"]], "version": 4, "stacks": [[[0, 1040256], [0, 1045356], [0, 1043952], [0, 1043789], [0, 1043525], [0, 1037964], [0, 1043402], [0, 592050], [0, 602631], [0, 589687], [0, 2475871], [0, 3660309], [-1, 1.8446744073709552e+19], [-1, 1.8446744073709552e+19]]]}
