{"memoryMap": [["xul.pdb", "7E344514A25647DFAC67A09CACEB3DF92"]], "version": 4, "stacks": [[[0, 1423956], [0, 1425872], [0, 1425379], [0, 1425213], [0, 1424949], [0, 1422828], [0, 1424818], [0, 927346], [0, 3024319], [0, 915761], [0, 10137893], [0, 895458], [0, 3645962], [0, 3644517], [0, 3644086], [0, 3022375], [0, 9017324], [0, 9126322], [0, 1504623], [0, 1503312], [-1, 1.8446744073709552e+19], [-1, 1.8446744073709552e+19]]]}
