{"memoryMap": [["kernelbase.pdb", "91635C4318764D6E90337B81944C89D62"], ["kernel32.pdb", "76F058C74D96403B82D19D3847E4BE682"], ["ucrtbase.pdb", "973204DF2ECB47D8A3690DFC6F2DD5A91"], ["nss3.pdb", "2954AB2C6AAD44B3BA97F3A7C3F0F7152"]], "version": 4, "stacks": [[[0, 6259], [1, 137553], [2, 109499], [2, 56236], [2, 26003], [-1, 1.8446744073709552e+19], [-1, 1.8446744073709552e+19], [-1, 1.8446744073709552e+19], [-1, 1.8446744073709552e+19], [-1, 1.8446744073709552e+19], [-1, 1.8446744073709552e+19], [-1, 1.8446744073709552e+19], [-1, 1.8446744073709552e+19], [-1, 1.8446744073709552e+19], [-1, 1.8446744073709552e+19], [-1, 1.8446744073709552e+19], [-1, 1.8446744073709552e+19], [-1, 1.8446744073709552e+19], [3, 810487], [3, 898012], [3, 883290], [3, 884654], [3, 895830], [3, 895886], [3, 897803]]]}
