{"memoryMap": [["kernelbase.pdb", "9AEB75D28EF0470FA58B7785D6CE60FD2"], ["user32.pdb", "61561D337B0E4DE3ADB457CF090DD3BA2"], ["xul.pdb", "FC3C8AC12F6D4D2FA8420D540DCABE722"]], "version": 4, "stacks": [[[0, 5101], [1, 12528], [1, 12740], [2, 11018811], [2, 6496503], [2, 14217809], [2, 15390753], [2, 15404612], [2, 15404161], [2, 643799], [2, 1483231], [2, 4373109], [2, 1440728], [-1, 1.8446744073709552e+19], [-1, 1.8446744073709552e+19]]]}
