{"memoryMap": [["xul.pdb", "973108322CE64256A964E1691A495FD12"]], "version": 4, "stacks": [[[0, 8243273], [0, 2461154], [0, 6966855], [0, 2327695], [0, 2950441], [0, 5022610], [0, 10198237], [0, 2327490], [0, 2950441], [0, 4589606], [0, 4659920], [0, 1577101], [0, 1576609], [0, 8435662], [0, 8435423], [0, 3582299], [0, 8876258], [0, 1355459], [0, 1422598], [-1, 1.8446744073709552e+19], [-1, 1.8446744073709552e+19]]]}
