{"memoryMap": [["xul.pdb", "70B91A54533049C18CB477B607E1F7D72"]], "version": 4, "stacks": [[[0, 2660483], [0, 2659651], [0, 3807499], [0, 3808379], [0, 1032423], [0, 9471787], [0, 932351], [0, 1622082], [0, 932968], [0, 1245453], [-1, 1.8446744073709552e+19], [-1, 1.8446744073709552e+19]]]}
