{"memoryMap": [["kernelbase.pdb", "54986B07F81946D6B8FCFC40D628DEE01"], ["shcore.pdb", "BE0199B0486445ABAEA1EB4018918C261"], ["Windows.Storage.pdb", "7F3004384B89424AB670E8930E5DFA2E1"], ["xul.pdb", "F6A89660AF084CB2AFED7753C75BBEAC2"]], "version": 4, "stacks": [[[0, 188370], [1, 74608], [1, 73362], [1, 68421], [2, 448096], [2, 264086], [2, 977434], [2, 266287], [2, 265777], [3, 6998055], [3, 8843314], [3, 916439], [3, 913514], [-1, 1.8446744073709552e+19], [-1, 1.8446744073709552e+19]]]}
