{"memoryMap": [["ntdll.pdb", "15EB43E23B12409C84E3CC7635BAF5A32"], ["nss3.pdb", "2E795DE3BCDD4283ABD739BC3B1900EA2"], ["xul.pdb", "BD90DC4C2F6F42808EE11B1D8C08C7942"]], "version": 4, "stacks": [[[0, 320744], [0, 320475], [1, 140473], [2, 5114932], [2, 5114254], [2, 8286396], [2, 5111811], [2, 5111647], [2, 35507706], [2, 35545451], [2, 35555060], [2, 8816306], [2, 707047], [2, 722430], [2, 1057751], [2, 1115542], [2, 9483691], [2, 1058126], [2, 1697714], [2, 1058721], [2, 1278689], [-1, 1.8446744073709552e+19], [-1, 1.8446744073709552e+19]]]}
