{"memoryMap": [["xul.pdb", "F6A89660AF084CB2AFED7753C75BBEAC2"]], "version": 4, "stacks": [[[0, 2248689], [0, 2247711], [0, 2247333], [0, 1667547], [0, 1666948], [0, 1676787], [0, 4620336], [0, 4617783], [0, 2546482], [0, 2253911], [0, 2321042], [0, 2327708], [0, 2487031], [0, 2254547], [0, 6104380], [-1, 1.8446744073709552e+19], [-1, 1.8446744073709552e+19]]]}
