{"memoryMap": [["xul.pdb", "C110DFB6FB6F4481863598CE3A19BC5A2"]], "version": 4, "stacks": [[[0, 3136529], [0, 1486260], [0, 9751416], [0, 1117663], [0, 1173484], [0, 9751883], [0, 1117663], [0, 918366], [-1, 1.8446744073709552e+19], [-1, 1.8446744073709552e+19]]]}
