{"memoryMap": [["kernelbase.pdb", "54986B07F81946D6B8FCFC40D628DEE01"], ["user32.pdb", "27AC3870843A49558959446A7EE7C93E1"], ["xul.pdb", "973108322CE64256A964E1691A495FD12"]], "version": 4, "stacks": [[[0, 312015], [1, 146168], [2, 11609553], [2, 6554295], [2, 14270892], [2, 15534264], [2, 15551046], [2, 15550840], [2, 3127359], [2, 3128043], [2, 3127359], [2, 3126604], [-1, 1.8446744073709552e+19], [-1, 1.8446744073709552e+19]]]}
