{"memoryMap": [["kernelbase.pdb", "A0DE635BD84C4850B0355973EC7F00831"], ["nss3.pdb", "24B1E31580E649E7BF1732DA9A2AC07E2"], ["xul.pdb", "FC3C8AC12F6D4D2FA8420D540DCABE722"]], "version": 4, "stacks": [[[0, 109279], [1, 551813], [1, 604740], [1, 605121], [1, 615628], [2, 12158377], [2, 12157915], [2, 8792770], [2, 735090], [2, 2351546], [-1, 1.8446744073709552e+19], [-1, 1.8446744073709552e+19]]]}
