{"memoryMap": [["kernel32.pdb", "086A16B1023D447A812BC66919A26FF12"], ["shell32.pdb", "6B9BE3BB1D0E40C495BB6DE02B50BEA22"], ["xul.pdb", "70B91A54533049C18CB477B607E1F7D72"]], "version": 4, "stacks": [[[0, 609783], [1, 2388386], [1, 2381635], [2, 2843034], [2, 8802818], [2, 1831735], [2, 1850470], [-1, 1.8446744073709552e+19], [-1, 1.8446744073709552e+19]]]}
