{"memoryMap": [["kernelbase.pdb", "32BF5C2B265E64DD9F74AD091EECAC031"], ["user32.pdb", "2A7067AD5357BBD5F8020281197B30F71"], ["xul.pdb", "F6A89660AF084CB2AFED7753C75BBEAC2"]], "version": 4, "stacks": [[[0, 332384], [1, 132528], [2, 10392455], [2, 4172799], [2, 14178969], [2, 15452869], [2, 15466620], [2, 15466169], [2, 2336152], [2, 2325151], [2, 690229], [2, 2489544], [-1, 1.8446744073709552e+19], [-1, 1.8446744073709552e+19]]]}
