{"memoryMap": [["xul.pdb", "44FD7F731D844E5FA4865872A01063E42"], ["kernelbase.pdb", "2797F41DA1EB4D39A25C73C95BC7C7901"]], "version": 4, "stacks": [[[0, 3944209], [1, 187167], [1, 186358], [1, 198316], [1, 183528], [1, 142445], [0, 11875416], [0, 15848101], [0, 10908915], [0, 5740555], [0, 5738487], [0, 15857187], [0, 15871778], [0, 25548310], [0, 15150388], [0, 1288987], [0, 1283507], [0, 1280641], [0, 1280512], [0, 2191558], [0, 8876946], [0, 821731], [0, 920815], [-1, 1.8446744073709552e+19], [-1, 1.8446744073709552e+19]]]}
