{"memoryMap": [["dbghelp.pdb", "5A5CC2E8806E4E37864539C5F399A04A1"], ["xul.pdb", "70B91A54533049C18CB477B607E1F7D72"]], "version": 4, "stacks": [[[0, 1134017], [0, 1148405], [0, 1128418], [0, 1129604], [1, 36182656], [1, 36181606], [1, 36156908], [1, 25524291], [1, 25577728], [1, 25561206], [1, 4042478], [1, 3771728], [1, 2234079], [1, 8802818], [1, 1831735], [1, 1850470], [-1, 1.8446744073709552e+19], [-1, 1.8446744073709552e+19]]]}
