{"memoryMap": [["xul.pdb", "2DEE45231F4B496D80F1E521C8987C772"]], "version": 4, "stacks": [[[0, 1749215], [0, 1744443], [0, 2403004], [-1, 1.8446744073709552e+19], [-1, 1.8446744073709552e+19]]]}
