{"memoryMap": [["kernelbase.pdb", "2797F41DA1EB4D39A25C73C95BC7C7901"], ["Windows.Storage.pdb", "6F090A0BB39C46E5B507A7CE4E6542601"], ["xul.pdb", "BD90DC4C2F6F42808EE11B1D8C08C7942"]], "version": 4, "stacks": [[[0, 361460], [0, 359463], [1, 74695], [1, 76202], [2, 7077178], [2, 8816306], [2, 707047], [2, 722430], [2, 1057751], [2, 1115542], [2, 9483691], [2, 1058126], [2, 1278689], [-1, 1.8446744073709552e+19], [-1, 1.8446744073709552e+19]]]}
