{"memoryMap": [["xul.pdb", "E78589B7386D4C5D940E17AC2824EC9E2"]], "version": 4, "stacks": [[[0, 1805761], [0, 1467095], [0, 4395941], [0, 4394462], [0, 10128101], [0, 2231749], [0, 2226631], [0, 970110], [0, 908343], [0, 902095], [0, 921154], [0, 853410], [0, 2274830], [-1, 1.8446744073709552e+19], [-1, 1.8446744073709552e+19]]]}
