{"memoryMap": [["kernelbase.pdb", "2797F41DA1EB4D39A25C73C95BC7C7901"], ["xul.pdb", "BD90DC4C2F6F42808EE11B1D8C08C7942"]], "version": 4, "stacks": [[[0, 358085], [0, 357402], [1, 4480897], [1, 4474194], [1, 6451624], [1, 8816306], [1, 707047], [1, 722430], [1, 1057751], [1, 1115542], [1, 9483691], [1, 1058126], [1, 1697714], [1, 1058721], [1, 1278689], [-1, 1.8446744073709552e+19], [-1, 1.8446744073709552e+19]]]}
