{"memoryMap": [["ntdll.pdb", "6332539D05E347DDA41DCBA242578BC31"], ["mozglue.pdb", "8496F96F5BD24F789243034C2B748B352"], ["kernelbase.pdb", "A6B1F8E345934990A3D4602A0B32A9F22"], ["RoboForm-x64.pdb", "F455D3AA10B34B61B779B05F45B2DEE41"], ["xul.pdb", "F6A89660AF084CB2AFED7753C75BBEAC2"]], "version": 4, "stacks": [[[0, 260207], [0, 201418], [0, 198409], [1, 49388], [2, 21354], [3, 736965], [3, 8677143], [3, 8676757], [3, 3941053], [3, 3940844], [3, 4636876], [3, 4607244], [3, 4647313], [-1, 1.8446744073709552e+19], [-1, 1.8446744073709552e+19], [-1, 1.8446744073709552e+19], [-1, 1.8446744073709552e+19], [-1, 1.8446744073709552e+19], [-1, 1.8446744073709552e+19], [-1, 1.8446744073709552e+19], [-1, 1.8446744073709552e+19], [4, 9389763], [4, 7591948], [4, 9263655], [4, 2256580]]]}
