{"memoryMap": [["kernelbase.pdb", "2797F41DA1EB4D39A25C73C95BC7C7901"], ["kernel32.pdb", "4FA6ED6A61A94BF0AB628CF4D1C518CB1"], ["xul.pdb", "82200CFC0A134E7BAAD6F0FF61FE2F902"], ["shcore.pdb", "1375C24C4D13484FB31C5B2E9E690F321"], ["Windows.Storage.pdb", "6F090A0BB39C46E5B507A7CE4E6542601"]], "version": 4, "stacks": [[[0, 229648], [1, 90049], [2, 8225546], [2, 4108939], [2, 8003611], [2, 8003222], [2, 4107279], [2, 4106993], [2, 4106716], [2, 8334159], [0, 441164], [3, 69565], [3, 69709], [4, 75028], [4, 74639], [4, 76202], [2, 6455438], [2, 9105698], [2, 2464695], [2, 2482242], [-1, 1.8446744073709552e+19], [-1, 1.8446744073709552e+19]]]}
