{"memoryMap": [["kernelbase.pdb", "96942B4FDFA145B19AB577C4F4EF60F42"], ["kernel32.pdb", "086A16B1023D447A812BC66919A26FF12"], ["user32.pdb", "9A43D3FD584F4A9698B7AB8D28BC8C502"], ["xul.pdb", "44FD7F731D844E5FA4865872A01063E42"]], "version": 4, "stacks": [[[0, 5168], [1, 136931], [2, 102285], [2, 90738], [2, 90784], [3, 10297407], [3, 3403907], [3, 14221885], [3, 15444209], [3, 15458148], [3, 15457697], [3, 820635], [3, 742370], [3, 2270789], [3, 2263584], [-1, 1.8446744073709552e+19], [-1, 1.8446744073709552e+19]]]}
