{"memoryMap": [["xul.pdb", "F6A89660AF084CB2AFED7753C75BBEAC2"]], "version": 4, "stacks": [[[0, 2248055], [0, 2247333], [0, 5577222], [0, 1665006], [0, 1664812], [0, 1667006], [0, 1676787], [0, 4620336], [0, 4619462], [0, 9978550], [0, 674989], [-1, 1.8446744073709552e+19], [-1, 1.8446744073709552e+19]]]}
