{"memoryMap": [["xul.pdb", "82200CFC0A134E7BAAD6F0FF61FE2F902"]], "version": 4, "stacks": [[[0, 1969130], [0, 1983975], [0, 4354984], [0, 4356735], [0, 9986778], [0, 1454040], [0, 1451537], [0, 1454764], [0, 1458894], [0, 2468131], [0, 2464615], [0, 2482242], [0, 709431], [0, 1409629], [-1, 1.8446744073709552e+19], [-1, 1.8446744073709552e+19]]]}
