{"memoryMap": [["xul.pdb", "70B91A54533049C18CB477B607E1F7D72"], ["kernelbase.pdb", "A0DE635BD84C4850B0355973EC7F00831"]], "version": 4, "stacks": [[[0, 7261032], [1, 121381], [0, 2036225], [0, 2034498], [0, 2037000], [0, 6160446], [0, 2835822], [0, 2834627], [0, 8802818], [0, 1831735], [0, 1850470], [0, 932007], [0, 1020536], [0, 9471787], [0, 932351], [0, 1245453], [-1, 1.8446744073709552e+19], [-1, 1.8446744073709552e+19]]]}
