{"memoryMap": [["xul.pdb", "C110DFB6FB6F4481863598CE3A19BC5A2"]], "version": 4, "stacks": [[[0, 1075378], [0, 1148855], [0, 1066059], [0, 981903], [0, 978604], [0, 1231664], [0, 1231504], [0, 1230555], [0, 1962729], [0, 1962504], [0, 1960980], [0, 1960840], [0, 9084098], [0, 1067155], [0, 1492270], [0, 1117319], [0, 1421233], [-1, 1.8446744073709552e+19], [-1, 1.8446744073709552e+19]]]}
