{"memoryMap": [["xul.pdb", "151582BE445043E785AEB7FA807DA6952"]], "version": 4, "stacks": [[[0, 9801916], [0, 1440202], [0, 3772706], [0, 1440794], [0, 1382874], [0, 3413297], [0, 3412731], [-1, 1.8446744073709552e+19], [-1, 1.8446744073709552e+19]]]}
