{"memoryMap": [["xul.pdb", "70B91A54533049C18CB477B607E1F7D72"], ["kernelbase.pdb", "3F1EE0A9E0A7891C52817A411C9088631"], ["shcore.pdb", "3BE87992B8B671368883E0C46EDFCFC11"], ["Windows.Storage.pdb", "91279466BAB638DFE7E0E0F074CB55281"]], "version": 4, "stacks": [[[0, 3447041], [1, 330025], [2, 123015], [2, 124581], [3, 365417], [3, 365269], [3, 2322623], [3, 1825876], [3, 9050], [3, 8909], [3, 6700], [3, 6367], [3, 8442], [0, 2843034], [0, 8802818], [0, 1831735], [0, 1850470], [0, 932007], [0, 1020536], [0, 9471787], [0, 932351], [0, 1245453], [-1, 1.8446744073709552e+19], [-1, 1.8446744073709552e+19], [-1, 1.8446744073709552e+19]]]}
