{"memoryMap": [["xul.pdb", "58D8DF083F054661B04E500D5BB27AA72"]], "version": 4, "stacks": [[[0, 4247485], [0, 4247140], [0, 2670489], [0, 2669678], [0, 4245836], [0, 4244420], [0, 4244067], [0, 4243841], [0, 4533877], [0, 5696396], [0, 1003875], [-1, 1.8446744073709552e+19], [-1, 1.8446744073709552e+19]]]}
