{"memoryMap": [["xul.pdb", "A0F1DD6A16A9441B93D193A672114B342"]], "version": 4, "stacks": [[[0, 1211968], [0, 2395417], [0, 2396770], [-1, 1.8446744073709552e+19], [-1, 1.8446744073709552e+19]]]}
