{"memoryMap": [["xul.pdb", "44FD7F731D844E5FA4865872A01063E42"]], "version": 4, "stacks": [[[0, 5453965], [0, 5453398], [0, 5457153], [0, 5456085], [0, 5456016], [0, 1592656], [0, 935367], [0, 5066607], [0, 7942916], [0, 2191558], [0, 2185730], [0, 5288175], [0, 8650545], [0, 2191558], [0, 8876946], [0, 821731], [0, 920815], [-1, 1.8446744073709552e+19], [-1, 1.8446744073709552e+19]]]}
